date,AWND,PRCP,SNOW,SNWD,TAVG,TMAX,TMIN,WDF2,WDF5,WSF2,WSF5,WT01,WT04,WT02,WT06,WT08,WT09,WT03,WT05,PGTM
2015-01-01,3.6,0.0,0.0,0.0,-5.0,0.0,-7.7,230,220,8.9,12.1,,,,,,,,,
2015-01-02,5.1,0.0,0.0,0.0,-0.7,3.3,-5.5,290,280,13.0,17.0,,,,,,,,,
2015-01-03,3.0,10.4,79.0,0.0,-6.2,1.1,-9.9,130,130,7.6,10.3,1,1,,,,,,,
2015-01-04,3.0,11.9,33.0,100.0,-2.4,1.7,-4.9,340,350,6.7,8.5,1,1,1,1,,,,,
2015-01-05,9.3,0.0,0.0,100.0,0.5,5.0,-12.7,290,280,17.4,22.8,1,,,,,,,,
2015-01-06,1.7,0.0,0.0,100.0,-11.2,-8.2,-16.0,300,300,6.7,8.5,,,,,,,,,
2015-01-07,4.3,0.0,0.0,100.0,-10.6,-3.8,-17.1,310,300,11.6,14.3,,,,,1,,,,
2015-01-08,3.0,0.0,0.0,80.0,-16.4,-8.2,-22.7,240,240,7.2,11.2,,,,,,,,,
2015-01-09,4.8,1.3,10.0,80.0,-6.0,-1.6,-8.2,200,210,10.3,14.8,1,,,,1,,,,
2015-01-10,3.7,0.0,0.0,80.0,-7.1,-4.3,-12.1,290,290,9.8,12.5,,,,,,,,,
2015-01-11,2.7,0.0,0.0,80.0,-8.8,-3.2,-13.8,220,220,5.4,6.7,,,,,,,,,
2015-01-12,1.2,5.3,71.0,100.0,-2.6,0.6,-4.3,330,350,4.5,6.7,1,,,,1,,,,
2015-01-13,4.2,0.0,0.0,150.0,-6.0,-0.5,-18.2,330,330,11.2,15.2,,,,,,,,,
2015-01-14,2.1,0.0,0.0,150.0,-13.0,-4.3,-21.0,350,360,3.6,4.0,1,,,,1,,,,
2015-01-15,3.1,0.8,10.0,150.0,-3.7,-1.6,-6.6,360,350,5.4,6.7,1,,,,1,,,,
2015-01-16,5.5,0.0,0.0,150.0,-3.6,3.3,-14.3,290,300,15.7,19.2,1,,,,,,,,
2015-01-17,2.1,0.0,0.0,150.0,-12.3,-6.6,-18.8,300,300,6.7,8.1,,,,,,,,,
2015-01-18,3.2,6.4,0.0,130.0,-3.7,9.4,-8.8,140,140,12.5,17.9,1,,,,1,,,,
2015-01-19,5.2,2.8,0.0,80.0,6.5,9.4,1.7,140,150,11.2,16.1,1,,,,,,,,
2015-01-20,5.0,0.0,0.0,50.0,0.4,2.2,-6.0,260,280,9.4,12.5,,,,,,,,,
2015-01-21,1.1,0.0,0.0,50.0,-5.1,-0.5,-11.0,350,340,4.0,4.9,,,,,,,,,
2015-01-22,1.7,0.0,0.0,50.0,-2.8,3.3,-6.0,360,360,4.5,5.8,,,,,,,,,
2015-01-23,3.0,0.0,0.0,30.0,-3.4,1.7,-8.2,250,300,5.8,8.1,,,,,1,,,,
2015-01-24,3.4,6.9,84.0,30.0,-1.7,0.0,-3.8,330,340,8.1,10.7,1,,,,1,,,,
2015-01-25,5.5,0.0,0.0,130.0,-0.5,2.8,-11.6,290,330,10.3,13.0,,,,,,,,,
2015-01-26,3.7,0.0,0.0,100.0,-10.3,-6.6,-16.0,10,10,9.4,12.1,,,,,,,,,
2015-01-27,11.2,60.2,564.0,200.0,-9.8,-8.2,-11.6,350,340,15.7,21.5,1,,1,,1,1,,,
2015-01-28,5.4,1.8,41.0,430.0,-7.2,-3.2,-13.8,10,340,13.9,17.9,,,,,1,1,,,
2015-01-29,1.0,0.0,0.0,380.0,-9.5,-1.0,-19.3,280,280,4.5,4.9,,,,,,,,,
2015-01-30,3.2,9.7,109.0,380.0,-2.9,0.0,-6.0,320,320,11.2,16.5,1,,,,1,,,,
2015-01-31,8.5,1.3,33.0,460.0,-6.8,-5.5,-13.8,330,320,14.3,19.2,,,,,1,1,,,
2015-02-01,2.7,0.0,0.0,410.0,-10.8,-3.2,-18.2,330,350,6.3,8.1,,,,,,,,,
2015-02-02,6.5,22.6,231.0,410.0,-14.3,-11.0,-16.0,350,360,11.6,15.7,,,,,,1,,,
2015-02-03,3.0,0.0,0.0,510.0,-11.4,-6.6,-17.7,310,310,8.9,13.0,,,,,,,,,
2015-02-04,1.8,1.5,20.0,480.0,-9.6,1.7,-18.8,210,230,8.1,12.1,1,,,,1,,,,
2015-02-05,5.7,5.3,64.0,510.0,-2.2,1.1,-15.5,340,330,11.6,15.7,1,,1,,1,1,,,
2015-02-06,1.6,0.0,0.0,510.0,-13.9,-7.1,-22.7,310,320,6.3,8.5,,,,,,,,,
2015-02-07,2.8,0.0,0.0,480.0,-7.6,-2.1,-13.2,20,280,5.8,7.6,,,,,1,,,,
2015-02-08,5.5,6.6,74.0,480.0,-9.2,-5.5,-12.7,50,10,8.9,11.2,1,,,,1,,,,
2015-02-09,6.0,10.2,122.0,580.0,-11.7,-9.3,-12.1,10,360,8.1,11.6,,,,,,1,,,
2015-02-10,3.8,3.3,43.0,560.0,-8.3,-1.0,-11.6,360,350,7.2,8.9,,,,,1,1,,,
2015-02-11,3.4,0.0,0.0,530.0,-8.4,-4.9,-13.8,30,20,8.1,11.2,,,,,,,,,
2015-02-12,1.6,1.0,33.0,510.0,-10.7,-6.6,-16.0,340,30,3.6,4.5,1,,,,1,,,,
2015-02-13,3.9,0.0,0.0,530.0,-10.1,-8.2,-19.9,330,330,8.1,11.2,,,,,,,,,
2015-02-14,2.6,5.8,48.0,530.0,-14.9,-8.8,-22.1,20,20,7.6,9.8,1,,,,,,,,
2015-02-15,9.1,0.5,10.0,560.0,-9.4,-7.1,-18.2,340,310,15.7,20.6,1,,,,1,1,,,
2015-02-16,6.6,0.0,0.0,530.0,-14.0,-6.0,-19.3,310,310,15.7,19.7,,,,,1,1,,,
2015-02-17,1.3,0.0,0.0,510.0,-12.4,-6.0,-17.7,70,60,4.5,5.4,,,,,,,,,
2015-02-18,2.0,0.5,10.0,510.0,-6.8,0.0,-14.3,100,110,6.7,8.5,1,,,,1,,,,
2015-02-19,4.0,7.6,147.0,640.0,-2.5,0.6,-9.9,290,280,9.8,12.5,1,,1,,1,,,,
2015-02-20,5.7,0.0,0.0,610.0,-10.3,-7.1,-13.8,300,270,9.4,13.0,,,,,1,,,,
2015-02-21,3.4,3.8,36.0,580.0,-9.9,1.1,-18.2,190,190,8.1,12.5,1,,,,,,,,
2015-02-22,0.9,0.3,3.0,580.0,-0.5,1.7,-6.0,220,220,5.8,7.6,1,,,,,,,,
2015-02-23,6.5,0.0,0.0,560.0,-5.7,-0.5,-19.9,310,320,11.6,15.7,,,,,,,,,
2015-02-24,2.2,0.0,0.0,560.0,-16.6,-7.1,-23.8,220,230,6.3,8.5,,,,,1,,,,
2015-02-25,3.7,2.3,38.0,580.0,-5.9,1.1,-9.9,270,270,9.8,12.5,1,,,,1,,,,
2015-02-26,3.0,0.0,0.0,560.0,-7.5,-6.0,-10.5,10,300,5.8,7.2,,,,,,,,,
2015-02-27,2.1,0.0,0.0,560.0,-8.1,-2.7,-15.5,290,,5.4,,,,,,,,,,
2015-02-28,2.0,0.0,0.0,530.0,-10.6,-2.7,-21.6,180,170,6.3,8.1,,,,,,,,,
2015-03-01,2.6,1.3,10.0,530.0,-8.6,-1.0,-18.8,180,220,6.3,8.5,1,,,,,,,,
2015-03-02,5.7,0.0,0.0,560.0,-2.4,2.2,-7.1,290,290,14.3,21.0,1,,,,,,,,
2015-03-03,3.5,6.1,30.0,530.0,-5.1,0.0,-13.2,200,190,8.9,12.1,1,,,,,,,,
2015-03-04,4.4,0.8,5.0,560.0,2.0,7.8,-0.5,280,260,9.4,11.6,1,,,,,,,,
2015-03-05,5.7,0.0,0.0,530.0,0.2,3.9,-11.0,300,290,10.7,16.1,,,,,,,,,
2015-03-06,3.2,0.0,0.0,510.0,-9.3,-4.9,-16.6,180,190,6.7,8.9,,,,,,,,,
2015-03-07,3.1,0.0,0.0,510.0,-3.9,3.3,-9.9,240,250,6.7,9.4,,,,,,,,,
2015-03-08,2.6,0.0,0.0,510.0,-1.5,4.4,-11.0,270,280,8.9,10.7,,,,,,,,,
2015-03-09,4.7,0.0,0.0,510.0,1.4,6.7,-2.7,290,310,13.0,16.5,,,,,,,,,
2015-03-10,3.4,0.0,0.0,480.0,3.1,8.3,-3.8,170,170,8.9,10.7,,,,,,,,,
2015-03-11,4.7,0.0,0.0,430.0,7.6,13.3,2.8,310,330,13.9,17.0,1,,,,,,,,
2015-03-12,7.6,0.0,0.0,360.0,1.7,5.0,-6.6,330,340,14.8,21.0,,,,,,,,,
2015-03-13,2.1,0.0,0.0,360.0,-3.0,3.9,-9.3,200,250,6.7,9.4,,,,,,,,,
2015-03-14,2.8,21.1,0.0,360.0,1.4,3.3,-1.0,30,20,7.2,9.8,1,1,,,,,,,
2015-03-15,6.9,1.3,8.0,360.0,0.9,2.2,-2.7,360,350,13.4,17.0,1,,,,,,,,
2015-03-16,4.1,0.0,0.0,360.0,0.2,7.2,-4.9,340,330,10.3,15.2,,,,,,,,,
2015-03-17,5.0,1.0,5.0,360.0,1.4,6.7,-3.8,320,300,17.4,23.7,1,,,,1,,,,
2015-03-18,8.4,0.0,0.0,330.0,-4.4,-2.1,-7.7,320,310,13.9,18.8,,,,,,,,,
2015-03-19,6.9,0.0,0.0,330.0,-5.3,0.0,-8.8,320,310,13.9,18.8,,,,,,,,,
2015-03-20,2.5,0.0,0.0,330.0,-4.2,1.1,-10.5,200,190,5.8,7.6,,,,,,,,,
2015-03-21,2.2,0.5,0.0,300.0,-0.1,2.2,-1.6,130,230,5.4,7.2,1,,,,1,,,,
2015-03-22,8.2,0.0,0.0,280.0,-2.9,1.7,-9.9,300,310,13.9,19.7,,,,,,,,,
2015-03-23,5.3,0.0,0.0,280.0,-6.2,1.1,-10.5,300,280,9.8,11.6,,,,,1,,,,
2015-03-24,2.2,0.0,0.0,280.0,-3.2,3.9,-9.3,180,160,5.8,7.6,,,,,,,,,
2015-03-25,2.8,0.3,0.0,280.0,-0.2,5.6,-6.6,210,200,7.6,11.6,,,,,,,,,
2015-03-26,2.6,10.9,0.0,280.0,5.3,9.4,2.8,190,190,6.7,8.9,1,,,,,,,,
2015-03-27,2.0,1.8,0.0,230.0,5.8,9.4,3.3,10,10,4.5,5.8,1,,,,,,,,
2015-03-28,5.2,0.0,3.0,200.0,3.1,5.0,-1.0,350,350,10.3,11.6,1,,,,,,,,
2015-03-29,3.2,0.0,0.0,200.0,0.2,5.0,-5.5,170,170,6.7,8.1,,,,,,,,,
2015-03-30,3.8,0.5,0.0,200.0,1.6,4.4,-1.0,200,180,9.8,13.0,,,,,1,,,,
2015-03-31,5.5,0.0,0.0,180.0,4.6,8.9,-0.5,300,300,10.3,13.4,,,,,,,,,
2015-04-01,4.1,0.0,0.0,180.0,2.3,7.2,-3.8,330,310,10.7,15.2,,,,,,,,,
2015-04-02,2.5,0.0,0.0,180.0,0.9,7.8,-4.9,200,150,6.7,8.5,,,,,,,,,
2015-04-03,2.4,0.0,0.0,150.0,10.1,18.9,3.3,250,250,7.2,8.9,,,,,1,,,,
2015-04-04,5.9,4.3,0.0,100.0,6.5,9.4,-1.6,330,300,13.4,18.8,1,,,,,,,,
2015-04-05,5.0,0.0,0.0,80.0,2.3,8.9,-4.9,260,270,12.5,15.7,,,,,,,,,
2015-04-06,3.1,0.0,0.0,50.0,1.9,5.0,-2.7,90,110,6.3,8.5,,,,,,,,,
2015-04-07,2.2,0.0,0.0,0.0,3.8,8.3,-1.6,50,40,5.8,6.7,1,,,,,,,,
2015-04-08,4.2,3.8,36.0,0.0,2.0,5.6,-2.1,90,30,7.6,8.9,1,,,,,,,,
2015-04-09,5.0,8.1,38.0,80.0,0.2,1.7,-1.6,80,90,8.1,11.2,1,,,,,,,,
2015-04-10,2.2,9.7,0.0,50.0,2.3,6.1,1.1,150,150,5.8,7.6,1,,1,,1,,,,
2015-04-11,5.3,0.0,0.0,0.0,7.4,12.2,-0.5,270,280,12.5,17.0,,,,,,,,,
2015-04-12,2.7,0.0,0.0,0.0,9.6,20.0,-1.6,240,280,7.2,9.8,,,,,,,,,
2015-04-13,4.1,0.0,0.0,0.0,10.4,18.9,0.6,180,170,9.4,13.4,,,,,,,,,
2015-04-14,3.8,1.0,0.0,0.0,14.1,21.1,4.4,310,280,11.2,14.8,,,,,,,,,
2015-04-15,4.9,0.0,0.0,0.0,11.6,18.3,3.3,350,330,11.6,15.7,,,,,,,,,
2015-04-16,3.7,0.0,0.0,0.0,7.8,12.8,-2.1,200,200,8.1,10.7,,,,,,,,,
2015-04-17,3.8,2.8,0.0,0.0,11.7,19.4,7.2,280,280,8.1,10.7,1,,,,,,,,
2015-04-18,3.2,0.0,0.0,0.0,10.1,12.8,3.9,150,110,7.6,10.3,,,,,,,,,
2015-04-19,3.5,0.0,0.0,0.0,7.9,13.9,2.2,350,350,8.1,10.3,,,,,,,,,
2015-04-20,5.4,55.9,0.0,0.0,5.6,8.9,2.2,110,120,11.2,15.2,1,,,,,,,,
2015-04-21,3.0,37.8,0.0,0.0,10.6,17.2,5.0,110,90,9.4,17.4,1,,,,1,,1,,
2015-04-22,4.7,0.0,0.0,0.0,9.4,15.6,1.7,170,170,10.7,15.2,,,,,,,,,
2015-04-23,4.3,2.3,0.0,0.0,8.4,11.7,3.3,240,240,9.8,13.4,,1,,,,,,,
2015-04-24,4.9,0.0,0.0,0.0,6.2,12.2,1.7,310,290,9.8,12.5,,,,,,,,,
2015-04-25,4.4,0.0,0.0,0.0,6.1,12.8,0.0,290,350,9.8,12.1,,,,,,,,,
2015-04-26,2.5,0.0,0.0,0.0,8.6,13.3,3.9,100,90,5.8,6.7,,,,,,,,,
2015-04-27,6.0,2.0,0.0,0.0,10.4,14.4,6.1,20,20,11.6,16.1,,,,,,,,,
2015-04-28,7.4,0.0,0.0,0.0,11.0,17.2,6.7,300,300,12.5,16.5,,,,,,,,,
2015-04-29,2.5,0.0,0.0,0.0,11.8,13.9,7.2,360,20,7.6,10.3,,,,,,,,,
2015-04-30,2.6,0.0,0.0,0.0,10.6,15.6,5.0,100,100,7.2,8.9,,,,,,,,,
2015-05-01,2.6,0.0,0.0,0.0,8.9,12.8,3.9,150,150,6.7,8.9,,,,,,,,,
2015-05-02,2.7,0.0,0.0,0.0,7.3,12.2,3.3,150,140,6.7,8.5,,,,,,,,,
2015-05-03,2.4,0.0,0.0,0.0,9.6,16.7,4.4,170,170,6.3,8.5,1,,1,,1,,,,
2015-05-04,3.1,0.0,0.0,0.0,13.9,24.4,5.6,190,170,8.9,13.9,,,,,,,,,
2015-05-05,4.1,0.0,0.0,0.0,20.6,23.9,10.6,10,340,8.9,11.2,,,,,,,,,
2015-05-06,2.6,0.0,0.0,0.0,15.6,22.2,5.6,180,190,8.9,11.6,,,,,,,,,
2015-05-07,3.5,0.0,0.0,0.0,18.1,28.9,7.8,180,180,9.4,11.6,,,,,,,,,
2015-05-08,5.4,0.0,0.0,0.0,12.4,14.4,6.7,90,70,10.3,13.0,,,,,,,,,
2015-05-09,2.6,0.0,0.0,0.0,9.7,15.0,6.7,170,200,7.2,9.8,1,,,,,,,,
2015-05-10,3.0,17.8,0.0,0.0,18.6,28.3,11.1,300,300,12.5,17.4,1,,,,,,1,,
2015-05-11,4.0,0.3,0.0,0.0,16.8,20.0,8.9,90,100,8.9,11.6,1,,,,1,,,,
2015-05-12,3.7,0.8,0.0,0.0,13.9,27.8,8.3,270,260,13.4,19.2,1,,,,1,,,,
2015-05-13,5.7,0.0,0.0,0.0,16.4,17.8,6.7,320,320,12.5,16.1,,,,,,,,,
2015-05-14,3.6,0.0,0.0,0.0,12.6,20.0,4.4,200,180,8.1,10.3,,,,,,,,,
2015-05-15,2.6,0.0,0.0,0.0,13.6,21.1,6.1,180,190,7.2,10.3,,,,,,,,,
2015-05-16,2.0,0.0,0.0,0.0,12.7,17.2,8.9,150,150,5.4,6.7,1,,,,,,,,
2015-05-17,3.0,0.8,0.0,0.0,14.4,23.3,8.9,90,90,6.7,8.1,1,,,,,,,,
2015-05-18,3.6,0.0,0.0,0.0,11.8,16.1,8.9,90,100,6.3,7.6,1,,,,,,,,
2015-05-19,2.8,4.6,0.0,0.0,12.5,18.3,9.4,180,180,6.3,8.1,1,,1,,,,,,
2015-05-20,5.1,0.0,0.0,0.0,16.3,19.4,7.2,290,290,12.5,14.8,1,,,,,,,,
2015-05-21,3.8,0.0,0.0,0.0,12.8,20.6,3.9,190,190,11.2,14.8,,,,,,,,,
2015-05-22,3.2,0.0,0.0,0.0,14.6,19.4,8.3,340,320,10.7,14.8,,,,,,,,,
2015-05-23,5.7,0.0,0.0,0.0,11.4,18.3,3.9,300,300,12.5,16.1,,,,,,,,,
2015-05-24,5.0,0.0,0.0,0.0,17.9,28.3,10.0,270,290,11.2,13.4,,,,,,,,,
2015-05-25,3.3,0.3,0.0,0.0,21.5,28.9,12.8,250,290,8.1,12.5,,,,,,,,,
2015-05-26,3.3,0.8,0.0,0.0,20.8,32.8,14.4,270,280,9.4,12.5,1,,,,,,,,
2015-05-27,3.6,0.0,0.0,0.0,22.5,26.1,17.2,180,200,9.8,15.2,,,,,,,,,
2015-05-28,3.5,9.4,0.0,0.0,21.6,26.7,17.8,180,170,9.4,13.4,1,,,,,,1,,
2015-05-29,3.3,0.0,0.0,0.0,20.4,25.0,15.0,150,150,6.7,8.1,1,,1,,,,,,
2015-05-30,3.7,0.0,0.0,0.0,18.3,28.9,12.2,190,190,9.4,13.4,1,,1,,,,,,
2015-05-31,4.0,24.1,0.0,0.0,17.9,22.8,10.0,50,50,9.4,12.5,1,,,,,,1,,
2015-06-01,4.8,30.5,0.0,0.0,10.1,10.6,7.8,50,40,8.9,11.2,1,,,,1,,,,
2015-06-02,3.1,16.5,0.0,0.0,8.3,10.0,7.2,50,50,7.6,9.4,1,,,,,,,,
2015-06-03,1.6,0.0,0.0,0.0,10.6,16.1,7.2,350,350,5.8,7.2,,,,,,,,,
2015-06-04,1.7,0.0,0.0,0.0,11.2,15.6,6.7,170,150,5.8,7.2,1,,,,,,,,
2015-06-05,2.7,0.8,0.0,0.0,10.6,14.4,6.1,160,150,7.2,9.4,1,,,,,,,,
2015-06-06,3.7,0.8,0.0,0.0,15.2,22.8,10.0,340,340,8.9,12.1,1,,,,,,,,
2015-06-07,3.3,0.0,0.0,0.0,14.7,19.4,6.1,180,170,6.7,8.9,,,,,,,,,
2015-06-08,5.6,0.0,0.0,0.0,14.1,18.3,11.7,200,180,10.3,13.9,,,,,,,,,
2015-06-09,4.3,0.0,0.0,0.0,16.6,20.0,14.4,190,180,8.1,10.7,1,,,,,,,,
2015-06-10,4.3,0.0,0.0,0.0,20.4,27.2,15.6,190,180,7.2,9.8,,,,,,,,,
2015-06-11,4.7,0.0,0.0,0.0,22.1,30.0,15.6,280,280,11.2,16.1,,,,,,,,,
2015-06-12,2.4,4.6,0.0,0.0,21.7,26.7,15.0,330,340,6.7,8.1,1,,,,,,1,,
2015-06-13,4.2,0.3,0.0,0.0,20.6,29.4,15.0,360,360,9.4,11.6,1,,,,,,,,
2015-06-14,2.7,0.0,0.0,0.0,19.9,25.6,13.3,200,170,7.2,9.4,,,,,,,,,
2015-06-15,2.3,3.6,0.0,0.0,14.3,16.1,12.2,200,200,6.7,8.9,1,,,,,,,,
2015-06-16,1.2,2.8,0.0,0.0,14.1,16.1,12.8,240,,2.7,,1,,1,,,,,,
2015-06-17,2.6,0.0,0.0,0.0,18.1,23.9,11.7,360,10,7.2,9.4,1,,,,,,,,
2015-06-18,3.4,0.0,0.0,0.0,16.2,22.2,10.0,180,180,9.4,11.6,,,,,,,,,
2015-06-19,3.7,2.8,0.0,0.0,19.4,26.7,13.9,350,320,8.1,11.2,1,,,,,,,,
2015-06-20,3.6,0.0,0.0,0.0,16.6,20.6,9.4,150,160,7.6,9.8,,,,,,,,,
2015-06-21,2.6,35.6,0.0,0.0,16.7,22.2,14.4,350,180,6.3,7.6,1,,,,,,,,
2015-06-22,2.2,3.0,0.0,0.0,18.1,22.2,15.0,190,180,6.3,8.5,1,,,,,,,,
2015-06-23,2.5,21.1,0.0,0.0,16.4,19.4,14.4,80,310,7.6,9.8,1,,,,1,,1,,
2015-06-24,2.7,0.0,0.0,0.0,20.9,27.8,13.3,310,340,7.2,10.7,1,,,,,,,,
2015-06-25,2.6,0.0,0.0,0.0,19.9,25.6,13.3,170,160,6.7,8.1,,,,,,,,,
2015-06-26,2.1,0.3,0.0,0.0,17.5,19.4,11.7,90,110,5.8,6.7,,,,,,,,,
2015-06-27,2.1,0.0,0.0,0.0,15.7,21.1,9.4,80,170,5.4,6.7,,,,,,,,,
2015-06-28,6.1,40.1,0.0,0.0,13.9,15.0,11.1,60,60,11.6,16.1,1,,,,,,,,
2015-06-29,2.4,0.0,0.0,0.0,14.5,20.6,10.6,160,160,6.7,8.1,,,,,,,,,
2015-06-30,1.9,0.0,0.0,0.0,19.6,23.9,16.7,180,180,5.8,7.2,,,,,,,,,
2015-07-01,2.3,6.6,0.0,0.0,17.4,20.0,15.6,180,180,6.7,9.8,1,,,,,,,,
2015-07-02,4.2,0.0,0.0,0.0,20.4,25.6,14.4,290,250,9.8,13.0,,,,,,,,,
2015-07-03,2.2,0.0,0.0,0.0,19.8,26.7,12.2,150,230,6.3,8.9,,,,,,,,,
2015-07-04,1.4,0.0,0.0,0.0,17.4,21.7,11.7,160,160,4.0,5.4,1,,,,,,,,
2015-07-05,1.8,0.0,0.0,0.0,19.8,27.8,12.8,180,220,5.4,7.6,1,,,,,,,,
2015-07-06,2.2,0.0,0.0,0.0,21.8,27.8,15.6,180,200,6.7,8.9,,,,,,,,,
2015-07-07,3.1,1.0,0.0,0.0,20.2,24.4,14.4,190,190,8.9,11.2,1,,,,,,,,
2015-07-08,3.1,0.0,0.0,0.0,23.4,28.9,16.7,10,10,6.7,8.5,1,,,,,,,,
2015-07-09,1.8,0.0,0.0,0.0,18.7,22.2,14.4,170,150,4.0,5.4,,,,,,,,,
2015-07-10,3.6,0.0,0.0,0.0,21.3,28.9,16.1,10,320,7.6,10.3,,,,,,,,,
2015-07-11,3.4,0.0,0.0,0.0,22.7,30.6,15.6,300,320,6.7,9.4,,,,,,,,,
2015-07-12,2.8,0.0,0.0,0.0,25.1,32.2,17.8,280,260,6.7,8.5,,,,,,,,,
2015-07-13,2.0,0.0,0.0,0.0,23.2,25.6,15.6,40,120,5.4,6.3,1,,,,1,,,,
2015-07-14,2.2,0.3,0.0,0.0,19.3,24.4,15.6,180,160,7.2,9.4,1,,1,,,,,,
2015-07-15,4.0,0.3,0.0,0.0,21.7,27.8,16.7,350,340,8.9,10.7,1,,1,,1,,,,
2015-07-16,3.1,0.0,0.0,0.0,18.3,24.4,12.8,350,350,7.6,10.3,,,,,,,,,
2015-07-17,1.9,0.0,0.0,0.0,17.8,23.3,10.6,150,150,5.8,6.7,,,,,1,,,,
2015-07-18,3.1,2.5,0.0,0.0,18.4,21.1,17.2,190,170,6.7,9.4,1,,,,,,,,
2015-07-19,2.1,15.7,0.0,0.0,21.3,27.2,17.8,30,30,5.8,7.6,1,,1,,,,1,,
2015-07-20,1.9,0.0,0.0,0.0,21.9,28.9,16.7,90,160,5.4,7.2,1,,1,,,,,,
2015-07-21,2.7,0.3,0.0,0.0,18.5,21.1,15.6,360,90,5.4,6.3,1,,1,,,,1,,
2015-07-22,3.2,0.0,0.0,0.0,20.4,27.8,13.9,310,290,8.1,10.7,1,,1,,,,,,
2015-07-23,2.1,0.0,0.0,0.0,19.7,25.6,13.9,300,150,5.4,6.3,,,,,,,,,
2015-07-24,2.9,0.0,0.0,0.0,19.2,24.4,12.8,280,280,6.7,8.5,,,,,,,1,,
2015-07-25,2.8,0.0,0.0,0.0,16.8,19.4,15.0,90,100,5.8,7.2,,,,,,,,,
2015-07-26,2.4,2.8,0.0,0.0,16.8,19.4,15.0,170,190,6.3,8.9,1,,,,,,,,
2015-07-27,2.0,0.0,0.0,0.0,19.8,25.0,17.2,170,130,5.4,8.9,1,,1,,,,,,
2015-07-28,2.0,0.5,0.0,0.0,21.4,28.3,16.7,150,140,6.3,6.7,1,,,,,,1,,
2015-07-29,1.8,0.0,0.0,0.0,23.7,31.1,17.2,100,100,10.3,12.1,,,,,,,,,
2015-07-30,2.6,2.0,0.0,0.0,23.5,30.0,18.9,210,190,7.6,11.2,1,,,,,,1,,
2015-07-31,3.7,0.0,0.0,0.0,24.8,30.0,20.0,290,250,9.8,12.5,,,,,,,,,
2015-08-01,3.1,0.0,0.0,0.0,23.3,30.0,15.6,280,270,8.9,11.2,,,,,,,,,
2015-08-02,3.2,0.0,0.0,0.0,21.9,27.2,16.1,180,160,7.2,10.3,,,,,,,,,
2015-08-03,3.8,3.8,0.0,0.0,22.3,27.2,17.8,180,160,9.8,14.3,1,,,,,,1,,
2015-08-04,2.2,1.3,0.0,0.0,21.0,26.7,15.6,320,330,15.7,19.2,1,,,,,,1,,
2015-08-05,3.4,0.0,0.0,0.0,20.6,27.8,13.9,280,250,9.8,13.9,1,,,,,,,,
2015-08-06,3.8,0.0,0.0,0.0,20.4,26.7,13.3,320,290,8.9,13.0,,,,,,,,,
2015-08-07,1.8,0.0,0.0,0.0,18.8,24.4,11.7,180,180,6.7,8.1,,,,,,,,,
2015-08-08,1.5,0.0,0.0,0.0,19.3,26.7,12.2,150,130,5.8,7.2,,,,,,,,,
2015-08-09,2.6,0.0,0.0,0.0,19.4,25.0,15.0,70,60,6.3,9.4,,,,,,,,,
2015-08-10,3.1,0.0,0.0,0.0,19.4,25.0,13.9,180,170,7.2,9.8,,,,,,,,,
2015-08-11,4.7,28.4,0.0,0.0,18.8,19.4,17.8,170,130,9.8,14.8,1,,,,,,,,
2015-08-12,2.3,0.0,0.0,0.0,20.6,26.7,16.7,160,150,7.2,8.5,1,,1,,,,,,
2015-08-13,2.2,0.0,0.0,0.0,20.2,25.0,14.4,150,140,7.2,8.9,,,,,,,,,
2015-08-14,3.0,0.0,0.0,0.0,20.3,26.7,13.3,190,170,8.1,11.2,,,,,,,,,
2015-08-15,1.8,4.3,0.0,0.0,22.6,29.4,16.1,350,10,12.5,19.2,1,,,,,,1,,
2015-08-16,1.9,0.0,0.0,0.0,23.6,29.4,18.3,150,140,5.4,6.3,1,,,,,,,,
2015-08-17,2.0,0.0,0.0,0.0,24.6,31.7,18.3,160,,5.4,,,,,,,,,,
2015-08-18,2.0,0.0,0.0,0.0,24.4,30.0,18.9,160,150,6.3,7.6,1,,,,,,1,,
2015-08-19,2.9,0.0,0.0,0.0,23.6,28.3,20.6,180,210,7.2,10.7,1,,,,1,,,,
2015-08-20,3.0,0.3,0.0,0.0,21.4,23.9,19.4,160,160,5.8,7.2,1,,1,,,,,,
2015-08-21,2.1,15.0,0.0,0.0,20.8,22.8,19.4,160,170,4.5,6.3,1,,1,,,,,,
2015-08-22,2.7,0.0,0.0,0.0,21.9,25.6,17.8,30,20,6.7,8.9,1,,1,,,,,,
2015-08-23,2.0,8.9,0.0,0.0,19.8,21.1,18.3,50,30,4.5,6.3,1,,,,,,,,
2015-08-24,1.4,0.0,0.0,0.0,21.1,26.1,18.9,160,160,5.8,7.2,1,,1,,,,,,
2015-08-25,2.7,1.3,0.0,0.0,20.5,23.9,20.0,130,140,5.8,7.6,1,,1,,,,,,
2015-08-26,2.4,0.0,0.0,0.0,22.1,26.7,17.8,170,170,6.7,8.5,1,,1,,,,,,
2015-08-27,2.9,0.0,0.0,0.0,21.2,26.1,15.0,270,270,7.6,9.4,,,,,,,,,
2015-08-28,2.5,0.0,0.0,0.0,18.9,25.0,12.8,190,190,6.3,8.9,,,,,,,,,
2015-08-29,2.2,0.0,0.0,0.0,18.8,23.9,12.8,200,200,6.3,8.5,,,,,,,,,
2015-08-30,1.3,0.0,0.0,0.0,21.1,27.2,15.6,140,160,4.5,5.8,,,,,,,,,
2015-08-31,3.2,0.0,0.0,0.0,22.7,30.0,16.1,270,270,8.9,11.6,,,,,1,,,,
2015-09-01,2.7,0.0,0.0,0.0,21.6,26.7,16.1,10,190,6.7,8.5,,,,,,,,,
2015-09-02,1.1,0.0,0.0,0.0,20.8,28.9,13.9,180,140,4.5,5.8,1,,,,,,,,
2015-09-03,1.9,0.5,0.0,0.0,23.1,30.0,17.8,50,60,7.2,9.4,1,,,,1,,1,,
2015-09-04,3.1,0.0,0.0,0.0,19.9,22.2,11.7,20,30,7.2,9.8,,,,,,,,,
2015-09-05,2.2,0.0,0.0,0.0,17.1,25.6,9.4,180,160,5.8,7.6,,,,,,,,,
2015-09-06,2.1,0.0,0.0,0.0,19.4,27.8,12.2,190,170,6.3,8.1,,,,,,,,,
2015-09-07,3.7,0.0,0.0,0.0,24.1,33.3,15.6,240,250,8.9,10.3,,,,,,,,,
2015-09-08,2.2,0.0,0.0,0.0,26.6,31.7,21.1,290,280,7.2,8.9,,,,,,,1,,
2015-09-09,2.6,0.8,0.0,0.0,23.5,30.0,18.3,190,200,7.6,10.7,1,,,,1,,1,,
2015-09-10,2.9,0.0,0.0,0.0,22.7,25.6,17.8,30,40,5.8,7.6,,,,,,,,,
2015-09-11,4.6,13.2,0.0,0.0,18.6,22.8,13.3,350,10,9.8,13.0,1,,,,,,,,
2015-09-12,2.2,0.0,0.0,0.0,16.9,23.3,10.6,150,140,5.8,7.6,,,,,,,,,
2015-09-13,4.5,14.0,0.0,0.0,15.9,16.7,15.0,70,70,7.6,9.8,1,,,,,,,,
2015-09-14,3.8,0.8,0.0,0.0,17.6,22.8,13.9,280,270,8.1,11.6,1,,,,,,,,
2015-09-15,3.2,0.0,0.0,0.0,20.4,28.3,13.9,240,280,6.7,8.9,,,,,,,,,
2015-09-16,2.4,0.0,0.0,0.0,21.4,29.4,15.0,180,240,5.4,7.6,,,,,,,,,
2015-09-17,1.4,0.0,0.0,0.0,21.3,27.8,15.0,180,200,4.5,5.4,1,,,,,,,,
2015-09-18,2.0,0.0,0.0,0.0,20.7,28.3,14.4,180,180,7.6,10.3,,,,,,,,,
2015-09-19,3.1,0.0,0.0,0.0,19.2,23.9,13.9,160,140,7.6,9.8,1,,,,,,,,
2015-09-20,4.5,0.3,0.0,0.0,19.2,22.2,8.9,340,320,8.9,11.6,,,,,,,,,
2015-09-21,1.8,0.0,0.0,0.0,13.9,20.6,6.7,50,60,6.3,7.6,,,,,,,,,
2015-09-22,1.5,0.0,0.0,0.0,13.4,18.3,8.9,90,90,5.4,6.7,,,,,,,,,
2015-09-23,1.4,0.0,0.0,0.0,14.8,23.3,7.2,150,150,4.5,5.8,1,,,,,,,,
2015-09-24,2.3,0.0,0.0,0.0,16.7,23.3,11.1,20,30,6.3,9.4,,,,,,,,,
2015-09-25,2.1,0.0,0.0,0.0,13.2,17.2,8.3,150,30,5.4,6.7,,,,,,,,,
2015-09-26,2.1,0.0,0.0,0.0,11.7,17.2,5.0,30,50,6.3,8.9,,,,,,,,,
2015-09-27,2.7,0.0,0.0,0.0,10.5,19.4,1.7,180,190,6.7,8.9,1,,,,,,,,
2015-09-28,3.1,0.0,0.0,0.0,15.7,23.3,8.3,180,190,7.2,8.9,,,,,,,,,
2015-09-29,3.4,8.6,0.0,0.0,19.2,23.9,17.2,190,190,6.7,9.8,1,,1,,,,,,
2015-09-30,5.1,141.2,0.0,0.0,17.9,20.6,12.2,30,20,12.5,17.0,1,,1,,,,,,
2015-10-01,6.0,0.0,0.0,0.0,13.5,16.7,10.0,10,30,9.4,12.5,,,,,,,,,
2015-10-02,5.5,0.0,0.0,0.0,10.9,12.8,8.3,10,20,9.4,13.4,,,,,,,,,
2015-10-03,5.7,0.0,0.0,0.0,10.3,14.4,6.7,30,30,10.7,15.7,,,,,,,,,
2015-10-04,3.4,0.0,0.0,0.0,9.1,14.4,3.3,50,50,7.6,9.8,,,,,,,,,
2015-10-05,1.5,0.0,0.0,0.0,8.8,16.1,1.7,70,70,4.5,5.4,1,,,,,,,,
2015-10-06,1.6,0.0,0.0,0.0,11.7,20.6,4.4,340,320,5.8,7.2,,,,,1,,,,
2015-10-07,1.8,0.0,0.0,0.0,11.6,19.4,5.0,160,160,5.4,6.3,,,,,,,,,
2015-10-08,2.2,0.0,0.0,0.0,11.5,17.2,5.0,350,340,6.3,7.6,,,,,1,,,,
2015-10-09,2.7,10.9,0.0,0.0,9.2,15.0,3.9,330,170,8.9,14.3,1,,,,,,,,
2015-10-10,3.7,0.0,0.0,0.0,10.0,13.3,4.4,310,310,10.3,13.0,,,,,,,,,
2015-10-11,3.4,0.0,0.0,0.0,11.6,20.0,7.2,240,260,7.6,9.8,,,,,,,,,
2015-10-12,1.8,0.0,0.0,0.0,14.5,21.1,6.7,160,170,5.8,7.6,1,,,,,,,,
2015-10-13,1.7,1.0,0.0,0.0,14.1,16.7,9.4,260,260,5.8,8.1,1,,1,,,,,,
2015-10-14,4.3,0.0,0.0,0.0,15.5,20.0,7.2,290,290,9.4,12.5,,,,,,,,,
2015-10-15,2.4,0.0,0.0,0.0,8.9,13.9,1.7,160,130,5.8,8.5,,,,,,,,,
2015-10-16,3.4,0.0,0.0,0.0,10.9,16.1,2.2,300,300,9.8,11.2,,,,,,,,,
2015-10-17,3.8,0.0,0.0,0.0,6.7,13.9,0.0,280,300,8.9,14.8,,,,,,,,,
2015-10-18,4.3,0.0,0.0,0.0,2.6,7.8,-2.7,340,340,10.3,14.8,,,,,,,,,
2015-10-19,2.9,1.0,0.0,0.0,1.4,8.9,-4.9,210,200,5.8,8.9,,,,,,,,,
2015-10-20,4.0,4.6,0.0,0.0,9.2,18.9,4.4,240,240,7.2,9.8,1,,,,,,,,
2015-10-21,2.4,0.0,0.0,0.0,11.4,14.4,8.9,60,60,6.7,8.1,,,,,,,,,
2015-10-22,3.2,0.5,0.0,0.0,12.9,18.3,11.1,290,130,5.8,7.6,1,,,,,,,,
2015-10-23,4.5,0.0,0.0,0.0,9.2,12.2,1.7,340,320,11.2,15.2,,,,,,,,,
2015-10-24,1.0,0.0,0.0,0.0,4.0,8.3,-1.6,330,330,4.0,5.4,,,,,1,,,,
2015-10-25,4.1,1.8,0.0,0.0,10.9,16.7,7.2,330,320,9.4,12.1,1,,,,,,,,
2015-10-26,2.2,0.0,0.0,0.0,8.2,12.2,-1.6,350,360,7.6,9.8,,,,,,,,,
2015-10-27,1.3,0.0,0.0,0.0,4.1,11.1,-2.1,180,160,4.0,5.4,,,,,,,,,
2015-10-28,4.7,24.6,0.0,0.0,4.6,15.0,-1.6,150,150,12.5,20.1,1,,,,,,,,
2015-10-29,5.4,15.5,0.0,0.0,16.2,22.8,11.7,160,160,13.4,21.5,1,,,,,,,,
2015-10-30,4.7,0.0,0.0,0.0,11.0,14.4,-0.5,290,280,12.5,15.2,,,,,,,,,
2015-10-31,1.8,0.0,0.0,0.0,3.8,10.6,-2.7,170,190,6.3,8.1,,,,,,,,,
2015-11-01,2.9,0.8,0.0,0.0,9.6,14.4,6.7,220,220,7.6,10.7,,,,,,,,,
2015-11-02,2.7,0.0,0.0,0.0,11.9,17.8,4.4,310,330,7.2,9.4,,,,,,,,,
2015-11-03,1.4,0.0,0.0,0.0,8.8,17.8,1.7,350,270,5.4,6.3,,,,,,,,,
2015-11-04,1.3,0.0,0.0,0.0,9.4,17.8,1.7,200,180,5.8,7.6,1,,,,,,,,
2015-11-05,1.3,0.0,0.0,0.0,9.9,20.0,3.9,150,150,4.0,5.4,1,,,,,,,,
2015-11-06,2.6,0.0,0.0,0.0,13.3,20.6,10.6,270,270,10.7,16.1,1,,,,,,,,
2015-11-07,4.9,0.0,0.0,0.0,15.6,18.3,5.0,290,290,11.2,14.8,,,,,,,,,
2015-11-08,4.3,0.0,0.0,0.0,7.8,11.7,2.2,320,320,10.3,14.8,,,,,,,,,
2015-11-09,1.6,0.0,0.0,0.0,5.6,14.4,-2.7,170,160,4.5,5.4,,,,,,,,,
2015-11-10,1.7,0.0,0.0,0.0,4.9,11.7,-1.6,30,30,4.5,6.3,,,,,,,,,
2015-11-11,4.7,1.3,0.0,0.0,7.1,8.3,6.1,360,10,8.9,13.0,,,,,,,,,
2015-11-12,3.1,5.8,0.0,0.0,6.7,11.7,3.9,190,180,7.2,9.4,1,,,,,,,,
2015-11-13,6.1,0.8,0.0,0.0,11.3,15.6,7.2,250,280,11.6,17.0,1,,,,,,,,
2015-11-14,6.1,0.0,0.0,0.0,6.6,7.8,-0.5,310,310,11.2,14.8,,,,,,,,,
2015-11-15,2.2,0.0,0.0,0.0,3.0,11.7,-3.2,270,240,6.3,8.5,,,,,,,,,
2015-11-16,3.3,0.0,0.0,0.0,4.2,12.2,-2.1,350,350,9.4,12.1,,,,,,,,,
2015-11-17,2.5,0.0,0.0,0.0,2.6,8.3,-3.8,360,20,6.3,7.2,,,,,,,,,
2015-11-18,1.4,0.0,0.0,0.0,0.7,8.3,-6.6,160,150,5.8,6.7,,,,,,,,,
2015-11-19,3.2,0.0,0.0,0.0,5.1,11.7,-1.0,160,150,7.6,10.7,,,,,,,,,
2015-11-20,4.5,37.3,0.0,0.0,12.0,15.0,1.7,150,150,11.2,15.7,1,,,,,,,,
2015-11-21,1.7,0.0,0.0,0.0,3.7,7.8,-2.1,40,30,5.8,7.2,,,,,,,,,
2015-11-22,2.4,3.8,0.0,0.0,1.9,5.6,-2.1,350,340,8.1,10.7,1,,,,,,,,
2015-11-23,5.1,3.3,0.0,0.0,3.2,5.6,-4.3,330,360,10.3,13.9,1,,,,,,,,
2015-11-24,1.7,0.0,0.0,0.0,-1.7,5.6,-7.7,280,290,6.7,8.5,,,,,,,,,
2015-11-25,1.3,0.0,0.0,0.0,0.2,5.0,-6.0,160,160,4.5,5.4,,,,,,,,,
2015-11-26,3.1,0.0,0.0,0.0,2.9,10.6,-4.3,190,190,8.9,13.4,,,,,,,,,
2015-11-27,4.1,0.0,0.0,0.0,11.1,16.1,8.3,220,230,8.1,10.7,,,,,,,,,
2015-11-28,2.9,5.3,0.0,0.0,9.1,13.9,-1.0,20,,6.3,,,,,,,,,,
2015-11-29,2.7,0.0,0.0,0.0,0.3,5.0,-4.3,350,140,6.3,10.7,,,,,,,,,
2015-11-30,2.2,0.0,0.0,0.0,-2.6,0.0,-7.1,160,160,4.5,6.3,,,,,,,,,
2015-12-01,1.2,2.0,0.0,0.0,-1.8,3.3,-7.1,230,230,4.0,4.9,1,,,,,,,,
2015-12-02,1.6,6.1,0.0,0.0,3.9,6.7,2.2,330,220,3.1,4.5,1,,,,,,,,
2015-12-03,3.4,5.1,0.0,0.0,5.5,7.2,1.1,280,310,10.3,13.4,1,,,,,,,,
2015-12-04,1.8,0.0,0.0,0.0,3.0,8.3,-3.2,260,280,5.8,6.7,,,,,,,,,
2015-12-05,1.1,0.0,0.0,0.0,2.4,10.6,-3.8,170,100,4.5,6.3,1,,,,,,,,
2015-12-06,0.7,0.0,0.0,0.0,2.0,10.6,-4.3,160,160,3.6,4.0,1,,,,,,,,
2015-12-07,2.2,0.0,0.0,0.0,3.1,13.9,-2.7,310,290,7.2,11.2,,,,,,,,,
2015-12-08,3.1,0.0,0.0,0.0,2.1,3.9,-0.5,50,20,6.3,9.4,,,,,,,,,
2015-12-09,1.8,0.0,0.0,0.0,1.5,7.2,0.0,180,200,5.4,8.9,,,,,,,,,
2015-12-10,2.6,0.3,0.0,0.0,8.0,11.7,3.3,170,170,5.8,8.1,1,,1,,,,,,
2015-12-11,1.2,0.0,0.0,0.0,6.7,8.9,1.1,210,200,4.5,6.3,1,,1,,,,,,
2015-12-12,1.7,0.0,0.0,0.0,6.9,13.9,1.1,290,270,4.0,5.4,1,,1,,,,,,
2015-12-13,1.3,0.0,0.0,0.0,4.9,8.3,2.2,80,100,3.6,4.5,,,,,,,,,
2015-12-14,1.8,5.8,0.0,0.0,6.2,8.9,4.4,90,90,5.8,7.2,1,,,,,,,,
2015-12-15,4.2,9.7,0.0,0.0,7.9,13.3,1.1,40,310,8.1,11.2,1,,,,,,,,
2015-12-16,2.2,0.0,0.0,0.0,2.2,5.6,-2.7,350,20,5.8,7.6,,,,,,,,,
2015-12-17,2.5,13.7,0.0,0.0,3.4,10.0,-1.6,160,170,5.8,8.5,1,,,,,,,,
2015-12-18,2.5,2.8,0.0,0.0,6.9,7.8,1.1,340,320,7.2,10.3,1,,,,,,,,
2015-12-19,5.1,0.0,0.0,0.0,1.9,4.4,-1.6,280,260,12.5,16.5,,,,,,,,,
2015-12-20,3.7,0.0,0.0,0.0,0.1,3.3,-3.2,290,320,11.2,15.2,,,,,,,,,
2015-12-21,2.2,0.0,0.0,0.0,1.2,8.3,-3.2,220,200,5.4,6.7,,,,,,,,,
2015-12-22,2.1,20.6,0.0,0.0,6.1,9.4,0.0,310,320,6.7,8.9,1,,,,,,,,
2015-12-23,2.6,7.1,0.0,0.0,2.8,8.3,-1.0,90,100,8.1,10.7,1,,1,,,,,,
2015-12-24,2.5,16.8,0.0,0.0,8.1,10.6,6.7,80,90,8.1,9.8,1,,1,,,,,,
2015-12-25,2.1,0.0,0.0,0.0,9.3,16.7,1.7,330,340,6.7,8.1,,,,,,,,,
2015-12-26,2.2,0.0,0.0,0.0,7.0,10.6,-0.5,330,340,8.9,11.6,,,,,,,,,
2015-12-27,3.0,11.7,0.0,0.0,4.6,6.1,0.6,320,320,8.9,11.2,1,,,,,,,,
2015-12-28,5.1,0.0,0.0,0.0,-1.9,1.1,-5.5,340,330,12.5,17.9,,,,,,,,,
2015-12-29,5.5,28.4,178.0,100.0,-6.7,-4.9,-8.2,40,30,8.9,12.1,1,1,1,,,,,,
2015-12-30,2.5,1.8,8.0,150.0,-6.1,-2.1,-7.7,10,360,6.3,7.6,1,,,1,1,,,,
2015-12-31,2.2,3.8,0.0,130.0,0.1,6.7,-2.1,250,,3.6,,1,,1,1,,,,,
2016-01-01,3.3,0.3,8.0,100.0,2.1,5.0,-1.0,310,320,8.1,11.2,1,1,,,1,,,,
2016-01-02,4.2,0.0,0.0,100.0,0.6,2.8,-1.6,270,260,8.1,10.7,,,,,,,,,
2016-01-03,3.8,0.0,0.0,100.0,1.4,4.4,-3.2,260,240,7.6,10.3,,,,,,,,,
2016-01-04,5.7,0.0,0.0,80.0,-3.6,-0.5,-13.2,350,360,9.4,12.5,,,,,,,,,
2016-01-05,3.2,0.0,0.0,80.0,-10.4,-3.2,-15.5,340,340,8.9,10.7,,,,,,,,,
2016-01-06,2.1,0.0,0.0,80.0,-4.7,5.0,-11.0,220,250,4.0,5.8,,,,,,,,,
2016-01-07,1.0,0.0,0.0,80.0,-2.4,3.9,-11.0,30,40,3.1,3.6,,,,,,,,,
2016-01-08,3.1,0.0,0.0,80.0,-2.7,3.9,-8.2,70,90,7.2,8.9,,,,,,,,,
2016-01-09,2.2,1.8,5.0,80.0,1.1,2.2,-1.0,50,60,6.3,7.6,1,,,,,,,,
2016-01-10,6.2,51.8,0.0,80.0,4.7,11.1,1.1,140,160,16.1,21.9,1,,1,,,,,,
2016-01-11,6.4,0.0,0.0,0.0,3.6,8.3,-4.9,270,240,11.6,16.1,,,,,,,,,
2016-01-12,3.0,14.5,155.0,0.0,-3.8,2.8,-7.1,280,280,12.5,15.2,1,,,,,,,,
2016-01-13,6.5,0.3,15.0,130.0,-3.4,-2.7,-8.8,290,300,13.9,19.7,1,,,,1,1,,,
2016-01-14,3.5,0.0,0.0,100.0,-6.7,-2.1,-9.3,270,260,6.7,8.5,,,,,,,,,
2016-01-15,1.3,0.0,0.0,100.0,-5.6,-1.0,-12.1,240,230,4.0,5.4,,,,,,,,,
2016-01-16,3.3,14.0,89.0,100.0,-2.1,-0.5,-3.2,350,360,8.1,10.7,1,1,,1,,,,,
2016-01-17,2.3,0.0,0.0,180.0,-1.4,0.0,-3.8,340,340,4.5,5.4,,,,,,,,,
2016-01-18,4.7,2.8,64.0,150.0,-3.9,-2.7,-8.8,270,290,10.3,12.5,1,,,,1,,,,
2016-01-19,5.4,0.0,0.0,200.0,-8.7,-7.7,-11.0,290,310,13.0,16.5,,,,,1,1,,,
2016-01-20,5.2,0.0,0.0,180.0,-6.6,-2.1,-9.3,320,310,11.2,17.4,,,,,,,,,
2016-01-21,3.3,0.0,0.0,180.0,-7.7,-2.7,-16.6,310,340,10.3,13.9,,,,,,,,,
2016-01-22,3.8,0.0,0.0,180.0,-8.3,-1.0,-17.1,340,300,8.9,11.2,,,,,,,,,
2016-01-23,5.0,0.0,0.0,180.0,-7.7,-6.6,-9.9,360,360,8.9,11.6,,,,,,,,,
2016-01-24,4.5,0.0,0.0,150.0,-5.7,1.7,-9.3,360,360,11.6,15.7,,,,,,,,,
2016-01-25,1.9,0.0,0.0,150.0,-2.3,1.1,-8.2,150,150,4.0,5.4,,,,,,,,,
2016-01-26,3.4,0.0,0.0,150.0,2.0,8.3,-2.1,190,190,7.6,11.6,,,,,,,,,
2016-01-27,3.8,0.0,0.0,100.0,5.3,7.8,-4.9,260,280,8.9,12.1,,,,,,,,,
2016-01-28,2.1,0.0,0.0,100.0,-2.4,2.8,-8.8,170,190,7.2,9.8,,,,,,,,,
2016-01-29,1.7,0.0,0.0,100.0,0.4,1.7,-1.6,330,320,4.5,5.8,1,1,,,,,,,
2016-01-30,2.6,0.3,0.0,80.0,1.0,4.4,-3.2,180,320,5.8,8.5,,1,,,,,,,
2016-01-31,2.6,0.0,0.0,80.0,4.2,10.6,1.1,210,210,6.7,9.4,,,,,,,,,
2016-02-01,3.9,0.0,0.0,50.0,7.2,15.0,-0.5,240,250,11.6,17.0,,,,,,,,,
2016-02-02,2.2,0.0,0.0,0.0,2.9,8.9,-3.8,60,290,5.8,7.2,,,,,,,,,
2016-02-03,4.0,20.1,0.0,0.0,2.7,10.0,-0.5,200,190,9.8,13.9,1,1,,,,,,,
2016-02-04,2.2,0.0,0.0,0.0,7.5,12.8,3.3,260,270,6.7,8.9,1,,,,,,,,
2016-02-05,5.0,13.5,224.0,0.0,1.8,5.6,-6.6,340,340,10.7,13.4,1,,1,,,,,,
2016-02-06,3.1,0.0,0.0,150.0,-4.3,1.7,-11.6,210,200,6.3,8.9,,,,,,,,,
2016-02-07,3.3,0.0,0.0,100.0,0.4,6.7,-6.0,50,50,8.1,11.2,,,,,,,,,
2016-02-08,7.0,6.1,112.0,100.0,-5.4,-2.1,-8.8,10,340,10.7,13.9,1,,,,,,,,
2016-02-09,2.7,1.5,20.0,150.0,-6.3,-3.2,-10.5,20,20,8.1,9.8,1,,,,1,,,,
2016-02-10,2.0,0.0,0.0,150.0,-4.6,1.1,-10.5,160,250,4.5,6.3,,,,,,,,,
2016-02-11,3.1,2.8,43.0,130.0,-3.4,-1.0,-14.9,300,320,8.1,11.2,1,,,,1,,,,
2016-02-12,2.8,0.0,0.0,150.0,-12.2,-6.0,-18.8,290,290,7.6,10.3,,,,,,,,,
2016-02-13,5.2,0.0,0.0,150.0,-10.7,-5.5,-22.7,290,290,11.2,14.3,,,,,1,,,,
2016-02-14,4.9,0.0,0.0,130.0,-18.2,-11.0,-23.2,320,340,9.4,12.5,,,,,1,,,,
2016-02-15,2.2,3.6,48.0,130.0,-15.1,-5.5,-23.2,160,150,4.5,5.8,1,,,,1,,,,
2016-02-16,5.1,21.1,43.0,180.0,-1.2,10.0,-7.1,150,140,14.3,20.1,1,,1,1,,,,,
2016-02-17,2.9,0.0,0.0,30.0,4.9,8.3,-1.0,260,260,7.2,10.3,,,,,,,,,
2016-02-18,5.4,0.0,0.0,0.0,-0.8,0.6,-6.0,350,350,8.1,10.3,,,,,,,,,
2016-02-19,3.1,0.0,0.0,0.0,-3.8,2.2,-9.9,240,200,7.6,8.9,1,,,,,,,,
2016-02-20,4.9,3.6,8.0,0.0,4.5,11.7,-1.6,180,190,8.1,12.1,1,,,,,,,,
2016-02-21,4.0,0.0,0.0,0.0,7.8,11.1,-1.6,290,270,8.9,13.4,,,,,,,,,
2016-02-22,3.1,0.0,0.0,0.0,0.1,3.3,-5.5,30,10,5.4,8.5,,,,,,,,,
2016-02-23,3.6,0.0,0.0,0.0,-3.9,1.7,-8.8,70,40,6.3,8.5,,,,,,,,,
2016-02-24,3.7,21.3,23.0,30.0,0.1,1.7,-1.6,30,30,6.3,7.6,1,,,1,,,,,
2016-02-25,6.4,12.4,0.0,0.0,7.2,11.7,1.7,180,170,10.7,16.5,1,,1,,,,1,,
2016-02-26,6.4,0.0,0.0,0.0,2.6,5.0,-8.2,290,280,10.3,13.4,,,,,,,,,
2016-02-27,3.8,0.0,0.0,0.0,-5.3,1.7,-10.5,190,200,7.6,11.2,,,,,,,,,
2016-02-28,3.8,0.0,0.0,0.0,4.3,10.0,-0.5,270,220,7.2,9.8,1,,,,,,,,
2016-03-01,3.8,0.0,0.0,0.0,2.2,6.1,-2.7,300,300,12.5,16.5,,,,,,,,,
2016-03-02,6.6,23.4,5.0,0.0,3.4,9.4,-7.1,280,270,13.0,16.1,1,,,,,,,,
2016-03-03,4.5,0.0,0.0,0.0,-5.9,-1.6,-10.5,360,310,8.9,12.5,,,,,,,,,
2016-03-04,4.1,0.0,0.0,0.0,-6.7,-3.2,-9.9,350,50,6.7,9.4,,,,,,,,,
2016-03-05,4.2,0.0,0.0,0.0,-3.2,2.2,-7.1,360,360,9.4,12.5,,,,,,,,,
2016-03-06,2.2,0.0,0.0,0.0,-0.7,3.9,-4.3,160,130,6.3,8.1,,,,,,,,,
2016-03-07,2.7,1.5,8.0,0.0,0.2,4.4,-2.7,220,210,7.6,13.9,1,,,,1,,,,
2016-03-08,2.0,0.0,0.0,0.0,2.1,8.9,-3.8,190,180,6.7,8.9,1,,,,,,,,
2016-03-09,3.5,0.0,0.0,0.0,8.7,18.9,4.4,230,230,5.8,8.5,,,,,,,,,
2016-03-10,3.0,18.0,0.0,0.0,14.0,18.9,5.0,90,260,7.6,9.8,1,,,,,,,,
2016-03-11,3.4,3.3,0.0,0.0,6.8,12.8,1.7,340,340,7.6,9.8,1,,,,,,,,
2016-03-12,3.5,0.0,0.0,0.0,3.9,9.4,-2.7,180,200,9.8,12.5,,,,,,,,,
2016-03-13,5.4,0.0,0.0,0.0,10.0,15.6,3.9,320,350,11.2,14.3,,,,,,,,,
2016-03-14,4.9,0.8,0.0,0.0,3.2,4.4,-1.0,100,90,8.1,10.7,1,,,,,,,,
2016-03-15,5.6,20.8,0.0,0.0,4.1,5.6,3.3,60,70,8.9,12.1,1,,,,,,,,
2016-03-16,4.3,2.0,0.0,0.0,6.8,11.7,3.9,60,20,8.9,10.7,1,,,,,,,,
2016-03-17,2.7,4.1,0.0,0.0,8.2,12.8,3.3,300,300,8.1,12.5,1,,,,,,1,,
2016-03-18,4.8,0.3,0.0,0.0,6.6,11.1,-0.5,310,310,10.3,13.0,,,,,,,,1,
2016-03-19,4.1,0.0,0.0,0.0,0.2,5.6,-4.9,350,10,7.2,9.8,,,,,,,,,
2016-03-20,2.6,0.0,0.0,0.0,-2.2,1.7,-6.6,160,150,5.8,8.1,,,,,,,,,
2016-03-21,4.3,7.9,160.0,80.0,-0.7,4.4,-3.2,310,280,8.1,10.3,1,,,,1,,,,
2016-03-22,5.1,0.0,0.0,50.0,1.8,7.8,-2.7,290,300,10.7,13.9,,,,,,,,,
2016-03-23,3.6,0.0,0.0,0.0,6.6,11.1,2.8,350,350,7.6,9.8,,,,,,,,,
2016-03-24,5.2,1.5,8.0,0.0,0.8,2.8,-2.1,70,80,7.2,10.3,1,,,1,1,,,,
2016-03-25,2.6,4.1,0.0,0.0,-1.2,2.2,-3.2,40,30,5.8,7.2,1,,,1,,,,,
2016-03-26,3.0,0.0,0.0,0.0,2.2,5.6,0.0,90,40,5.8,7.6,,,,,,,,,
2016-03-27,1.7,0.0,0.0,0.0,2.4,6.1,-0.5,140,150,6.7,8.5,,,,,,,,,
2016-03-28,3.2,23.4,0.0,0.0,3.1,6.1,0.6,70,60,6.7,8.9,1,,,,,,,,
2016-03-29,7.2,0.0,0.0,0.0,5.6,8.3,1.1,320,340,14.3,19.2,,,,,,,,,
2016-03-30,3.7,0.0,0.0,0.0,3.6,9.4,-4.3,180,190,8.9,12.5,,,,,,,,,
2016-03-31,4.6,0.0,0.0,0.0,11.2,22.2,6.7,230,220,10.7,15.7,,,,,,,,,
2016-04-01,4.7,1.8,0.0,0.0,13.2,17.8,10.6,180,170,10.3,13.4,1,,,,,,,,
2016-04-02,2.6,1.3,0.0,0.0,9.8,11.7,2.8,190,200,6.3,8.5,1,,,,,,,,
2016-04-03,7.2,0.5,5.0,0.0,1.7,3.3,-6.6,310,280,16.5,21.9,1,,1,,,,,,
2016-04-04,1.9,1.5,28.0,0.0,-5.5,-3.8,-8.2,360,10,5.4,6.7,1,,,,,,,,
2016-04-05,4.7,0.0,0.0,30.0,-2.8,2.8,-7.1,340,310,9.4,13.4,,,,,,,,,
2016-04-06,3.7,0.5,5.0,0.0,-1.4,4.4,-8.2,190,200,8.9,11.6,1,,,,,,,,
2016-04-07,6.8,12.2,0.0,0.0,6.5,10.0,4.4,150,160,13.9,20.1,1,,,,,,,,
2016-04-08,5.1,0.0,0.0,0.0,8.9,12.8,1.7,240,230,10.3,14.3,1,,,,,,,,
2016-04-09,4.2,0.0,0.0,0.0,3.0,8.3,-3.2,340,360,10.7,13.9,,,,,,,,,
2016-04-10,4.3,0.0,0.0,0.0,2.2,8.3,-2.7,330,340,9.8,12.5,,,,,,,,,
2016-04-11,4.0,0.3,0.0,0.0,4.9,10.0,0.0,180,160,8.9,12.1,,,,,,,,,
2016-04-12,3.5,6.4,0.0,0.0,9.3,11.1,0.0,300,310,9.4,11.6,1,,,,1,,,,
2016-04-13,2.8,0.0,0.0,0.0,5.2,12.2,-2.1,360,340,7.2,9.8,,,,,,,,,
2016-04-14,4.2,0.0,0.0,0.0,6.3,13.3,1.7,30,40,8.1,14.8,,,,,,,,,
2016-04-15,5.6,0.0,0.0,0.0,7.3,15.0,1.7,350,30,10.3,17.4,,,,,,,,,
2016-04-16,3.6,0.0,0.0,0.0,8.3,15.6,1.7,30,40,8.1,14.3,,,,,,,,,
2016-04-17,2.2,0.0,0.0,0.0,7.2,15.6,-1.0,180,160,6.3,7.6,,,,,,,,,
2016-04-18,2.5,0.8,0.0,0.0,9.7,18.3,2.2,140,110,5.8,7.2,,,,,,,,,
2016-04-19,2.9,4.1,0.0,0.0,8.0,13.9,5.0,340,350,8.9,11.6,1,,,,,,,,
2016-04-20,4.4,0.0,0.0,0.0,9.0,15.0,2.8,360,340,9.8,12.5,,,,,,,,,
2016-04-21,2.5,0.0,0.0,0.0,10.3,20.0,0.0,160,150,6.7,8.5,,,,,,,,,
2016-04-22,1.3,0.0,0.0,0.0,12.7,20.0,6.7,150,150,5.8,7.2,,,,,,,,,
2016-04-23,4.8,0.3,0.0,0.0,13.3,17.8,6.1,330,330,11.2,13.0,,,,,,,,,
2016-04-24,4.1,0.0,0.0,0.0,8.5,13.9,0.6,350,340,9.4,16.1,,,,,,,,,
2016-04-25,3.7,0.0,0.0,0.0,7.7,16.7,-2.1,170,190,8.1,13.9,,,,,,,,,
2016-04-26,2.8,10.2,56.0,0.0,4.0,7.2,-1.0,50,,6.3,,1,1,1,,1,,,,
2016-04-27,3.4,0.0,0.0,30.0,4.6,13.3,-2.7,280,290,9.4,12.5,,,,,,,,,
2016-04-28,2.9,0.0,0.0,0.0,5.4,9.4,-1.6,180,150,7.2,8.9,,,,,,,,,
2016-04-29,3.3,0.0,0.0,0.0,4.6,9.4,0.6,160,160,6.7,8.9,,,,,,,,,
2016-04-30,2.4,0.0,0.0,0.0,6.7,12.8,-1.0,170,190,7.2,9.8,,,,,,,,,
2016-05-01,2.4,0.5,0.0,0.0,7.3,11.1,3.3,190,170,6.7,9.4,,,,,,,,,
2016-05-02,4.2,23.9,0.0,0.0,6.9,7.8,6.1,70,70,7.2,8.9,1,,,,,,,,
2016-05-03,1.7,0.0,0.0,0.0,7.8,11.1,5.0,10,360,6.3,7.6,,,,,,,,,
2016-05-04,3.5,7.1,0.0,0.0,7.3,10.0,4.4,60,60,7.2,9.8,1,,,,,,,,
2016-05-05,5.2,6.1,0.0,0.0,7.2,8.9,6.1,20,20,7.6,9.8,1,,,,,,,,
2016-05-06,3.3,1.0,0.0,0.0,10.4,16.1,7.2,20,360,7.2,10.7,,,,,,,,,
2016-05-07,3.4,0.0,0.0,0.0,8.6,9.4,7.2,90,90,6.7,8.1,1,,,,,,,,
2016-05-08,3.9,0.8,0.0,0.0,8.7,13.3,5.0,300,300,13.0,16.5,1,,1,,,,,,
2016-05-09,5.5,0.0,0.0,0.0,8.6,13.9,3.3,290,280,12.5,17.0,,,,,,,,,
2016-05-10,2.2,0.0,0.0,0.0,11.0,19.4,1.7,160,280,7.2,9.4,,,,,,,,,
2016-05-11,3.4,0.0,0.0,0.0,13.7,22.8,4.4,190,360,8.9,11.6,,,,,,,,,
2016-05-12,3.2,0.0,0.0,0.0,14.4,20.6,5.0,180,200,7.6,10.7,,,,,,,,,
2016-05-13,2.3,4.8,0.0,0.0,12.5,16.7,7.8,160,150,7.2,8.9,1,,1,,,,,,
2016-05-14,3.4,0.3,0.0,0.0,16.2,23.3,11.1,180,170,9.4,12.1,1,,,,,,,,
2016-05-15,6.0,0.3,0.0,0.0,12.9,14.4,6.1,290,270,12.5,17.0,,,,,,,,,
2016-05-16,7.6,0.0,0.0,0.0,7.6,11.1,4.4,290,300,14.3,19.2,,,,,,,,,
2016-05-17,4.6,0.0,0.0,0.0,12.4,20.6,4.4,300,310,10.3,13.0,,,,,,,,,
2016-05-18,3.0,0.0,0.0,0.0,12.9,16.7,7.2,160,170,6.7,8.9,,,,,,,,,
2016-05-19,2.2,0.0,0.0,0.0,12.3,18.9,6.7,150,150,6.3,8.5,,,,,,,,,
2016-05-20,2.7,0.0,0.0,0.0,15.3,23.3,7.8,180,,5.8,,,,,,,,,,
2016-05-21,3.9,0.0,0.0,0.0,17.0,24.4,9.4,190,200,10.7,14.3,,,,,,,,,
2016-05-22,2.0,0.0,0.0,0.0,14.9,18.3,10.0,90,90,6.7,7.6,,,,,,,,,
2016-05-23,2.6,0.0,0.0,0.0,16.0,24.4,7.8,150,140,6.7,8.9,,,,,,,,,
2016-05-24,2.9,1.8,0.0,0.0,12.5,15.6,10.6,90,30,6.7,8.9,1,,,,,,,,
2016-05-25,2.2,0.3,0.0,0.0,13.2,18.3,10.6,160,180,5.8,7.2,1,,1,,,,,,
2016-05-26,2.8,0.0,0.0,0.0,18.1,26.1,12.2,160,160,6.3,7.6,1,,,,,,,,
2016-05-27,3.3,2.8,0.0,0.0,13.7,15.0,11.1,90,90,6.7,8.5,1,,,,,,,,
2016-05-28,2.6,0.0,0.0,0.0,18.8,30.6,11.1,90,90,7.2,8.9,1,,1,,,,,,
2016-05-29,4.3,0.0,0.0,0.0,13.9,15.0,10.6,100,80,7.2,8.9,1,,,,,,,,
2016-05-30,1.7,2.3,0.0,0.0,13.3,20.0,10.6,160,180,5.4,6.7,1,,,,,,,,
2016-05-31,3.4,0.0,0.0,0.0,22.7,30.6,16.1,270,240,8.1,10.3,1,,1,,,,,,
2016-06-01,3.0,0.0,0.0,0.0,19.4,23.9,11.7,120,10,6.7,8.5,,,,,,,,,
2016-06-02,3.6,0.0,0.0,0.0,14.2,17.2,10.6,110,110,6.3,9.4,1,,,,,,,,
2016-06-03,2.5,0.0,0.0,0.0,13.7,16.1,12.2,150,150,5.8,7.2,1,,,,,,,,
2016-06-04,2.0,0.5,0.0,0.0,16.3,22.8,13.3,160,180,5.8,6.3,1,,1,,1,,,,
2016-06-05,3.4,61.7,0.0,0.0,13.8,14.4,12.8,80,100,8.9,11.6,1,,1,,,,,,
2016-06-06,2.8,0.3,0.0,0.0,17.5,27.8,13.3,260,220,7.2,10.7,1,,,,,,,,
2016-06-07,1.6,4.6,0.0,0.0,18.3,22.8,11.7,100,100,6.3,7.6,1,,,,,,1,,
2016-06-08,5.5,0.3,0.0,0.0,18.5,23.3,11.7,320,310,10.7,13.9,1,,,,,,,,
2016-06-09,6.6,0.0,0.0,0.0,14.3,18.9,10.0,320,320,14.8,18.3,,,,,,,,,
2016-06-10,3.8,0.0,0.0,0.0,15.0,21.1,10.0,320,360,7.6,11.2,,,,,,,,,
2016-06-11,1.9,0.5,0.0,0.0,13.8,17.8,7.8,160,150,5.8,7.2,1,,,,,,,,
2016-06-12,4.9,0.0,0.0,0.0,15.8,23.9,10.6,290,330,13.4,17.9,1,,,,,,,,
2016-06-13,6.2,0.3,0.0,0.0,15.2,21.7,11.1,320,300,12.5,17.0,,,,,,,,,
2016-06-14,6.4,0.0,0.0,0.0,17.1,23.9,13.3,310,300,11.2,16.1,,,,,,,,,
2016-06-15,4.6,0.0,0.0,0.0,21.2,27.2,12.8,350,350,9.8,13.0,,,,,,,,,
2016-06-16,2.1,0.0,0.0,0.0,19.2,27.8,10.0,140,20,7.2,9.8,,,,,,,,,
2016-06-17,1.9,0.0,0.0,0.0,17.6,23.9,9.4,170,200,7.2,9.4,,,,,,,,,
2016-06-18,2.9,0.0,0.0,0.0,17.2,22.2,11.1,170,150,5.8,7.6,,,,,,,,,
2016-06-19,4.5,0.0,0.0,0.0,17.0,22.8,11.7,180,200,9.8,12.5,1,,,,,,,,
2016-06-20,4.2,0.0,0.0,0.0,18.6,23.3,14.4,180,200,8.1,12.1,,,,,,,,,
2016-06-21,4.2,0.0,0.0,0.0,22.4,29.4,15.0,290,300,9.8,13.4,,,,,,,,,
2016-06-22,2.4,2.3,0.0,0.0,18.4,23.9,11.7,310,250,8.1,11.2,1,,,,,,,,
2016-06-23,3.1,0.0,0.0,0.0,17.8,24.4,10.0,190,190,8.9,11.6,,,,,,,,,
2016-06-24,2.6,0.0,0.0,0.0,18.6,24.4,11.7,180,180,6.7,8.9,,,,,,,,,
2016-06-25,2.2,0.0,0.0,0.0,18.1,25.0,10.0,160,150,7.6,10.7,,,,,,,,,
2016-06-26,2.3,0.0,0.0,0.0,18.6,25.0,11.1,180,170,7.2,10.3,1,,,,,,,,
2016-06-27,4.1,0.3,0.0,0.0,20.2,27.8,13.9,190,190,9.4,13.0,,,,,,,,,
2016-06-28,4.1,18.5,0.0,0.0,19.9,22.2,17.2,190,190,6.7,9.8,1,,,,,,,,
2016-06-29,2.0,23.1,0.0,0.0,19.2,22.2,16.7,350,350,9.8,13.9,1,,,,1,,1,,
2016-06-30,2.9,0.0,0.0,0.0,20.8,27.8,14.4,180,330,7.2,13.4,1,,,,,,,,
2016-07-01,3.3,1.8,0.0,0.0,20.4,26.1,14.4,180,180,8.1,12.1,1,,,,,,1,,
2016-07-02,5.0,0.0,0.0,0.0,20.7,25.6,12.8,300,300,10.7,13.0,1,,,,,,,,
2016-07-03,4.1,0.0,0.0,0.0,20.1,27.8,12.2,300,280,9.4,13.4,,,,,,,,,
2016-07-04,3.3,0.0,0.0,0.0,22.4,30.0,13.9,260,210,7.6,10.7,,,,,,,,,
2016-07-05,2.4,0.0,0.0,0.0,21.7,27.2,15.6,180,180,7.2,9.4,1,,,,,,,,
2016-07-06,2.8,0.0,0.0,0.0,23.2,31.1,16.1,80,80,6.7,8.1,1,,,,,,,,
2016-07-07,3.0,0.3,0.0,0.0,18.3,20.6,15.6,60,50,6.3,7.6,1,,,,,,,,
2016-07-08,3.8,0.0,0.0,0.0,17.4,20.6,14.4,50,50,6.3,7.6,1,,,,,,,,
2016-07-09,4.2,9.1,0.0,0.0,14.6,15.0,13.3,80,90,6.7,8.5,1,,,,,,,,
2016-07-10,2.6,5.6,0.0,0.0,14.8,17.2,13.3,110,100,5.4,6.7,1,,,,,,,,
2016-07-11,2.7,0.0,0.0,0.0,19.8,27.2,15.0,10,340,7.2,9.8,,,,,,,,,
2016-07-12,2.3,0.0,0.0,0.0,21.8,30.0,13.9,190,150,5.8,7.2,,,,,,,,,
2016-07-13,2.9,0.0,0.0,0.0,22.1,27.8,15.0,180,150,6.7,9.4,,,,,,,,,
2016-07-14,4.4,10.9,0.0,0.0,22.7,26.1,19.4,180,200,9.4,13.0,1,,,,,,1,,
2016-07-15,3.1,0.0,0.0,0.0,25.9,32.8,20.6,270,250,8.1,10.3,1,,,,,,,,
2016-07-16,3.4,0.0,0.0,0.0,25.5,30.6,20.6,280,290,7.6,10.3,,,,,,,,,
2016-07-17,2.5,4.8,0.0,0.0,22.1,25.6,17.8,280,280,8.1,9.8,1,,1,,,,,,
2016-07-18,2.6,0.0,0.0,0.0,22.2,29.4,17.8,230,220,8.9,11.2,1,,1,,,,1,,
2016-07-19,3.8,0.0,0.0,0.0,22.4,26.1,14.4,310,310,9.8,13.4,,,,,,,,,
2016-07-20,4.6,0.0,0.0,0.0,20.6,27.8,12.8,300,290,9.8,12.5,,,,,,,,,
2016-07-21,2.5,0.0,0.0,0.0,21.7,28.9,12.8,160,150,6.3,8.5,,,,,,,,,
2016-07-22,4.0,0.0,0.0,0.0,25.8,35.0,18.9,310,330,13.0,18.3,,,,,,,1,,
2016-07-23,2.9,0.3,0.0,0.0,24.7,31.7,19.4,340,340,20.6,23.3,1,,,,,,1,,
2016-07-24,2.6,0.0,0.0,0.0,22.7,28.9,17.8,350,350,6.3,7.6,,,,,,,,,
2016-07-25,2.1,9.4,0.0,0.0,22.2,28.9,16.1,160,160,5.8,8.9,1,,,,,,1,,
2016-07-26,3.1,0.0,0.0,0.0,25.1,32.2,18.9,330,330,7.6,11.2,1,,1,,1,,,,
2016-07-27,2.9,0.0,0.0,0.0,24.4,29.4,17.8,200,200,6.7,8.5,,,,,,,,,
2016-07-28,1.7,0.0,0.0,0.0,24.0,30.6,17.8,200,210,6.3,9.4,,,,,,,1,,
2016-07-29,1.9,0.0,0.0,0.0,23.6,27.8,18.9,50,50,5.4,7.2,,,,,,,,,
2016-07-30,2.6,0.0,0.0,0.0,22.8,28.9,17.8,330,330,6.3,8.5,,,,,,,,,
2016-07-31,1.5,1.0,0.0,0.0,20.4,21.7,18.3,320,30,4.0,4.9,,,,,,,,,
2016-08-01,1.4,1.5,0.0,0.0,20.0,21.7,18.3,80,90,4.0,4.9,1,,,,1,,,,
2016-08-02,1.9,0.0,0.0,0.0,20.8,25.0,15.0,80,90,6.3,7.6,1,,,,,,,,
2016-08-03,2.5,0.0,0.0,0.0,20.6,28.9,12.8,180,190,7.2,9.4,,,,,,,,,
2016-08-04,3.4,0.0,0.0,0.0,21.8,28.3,15.0,180,180,8.9,12.5,,,,,,,,,
2016-08-05,4.0,0.0,0.0,0.0,22.0,27.8,16.7,190,170,10.3,14.3,,,,,,,,,
2016-08-06,4.2,0.0,0.0,0.0,25.0,34.4,20.0,250,260,9.8,14.3,,,,,,,1,,
2016-08-07,4.2,0.0,0.0,0.0,24.4,30.6,16.7,320,290,9.8,13.4,,,,,,,,,
2016-08-08,3.1,0.0,0.0,0.0,22.7,30.6,13.3,290,270,10.3,13.4,,,,,,,,,
2016-08-09,2.2,0.0,0.0,0.0,20.2,26.1,12.8,150,150,6.7,8.5,,,,,,,,,
2016-08-10,1.6,2.5,0.0,0.0,18.5,21.1,13.9,190,180,5.4,7.2,1,,1,,,,,,
2016-08-11,2.0,0.0,0.0,0.0,24.6,32.2,18.9,160,170,6.7,9.4,1,,1,,,,,,
2016-08-12,3.5,8.6,0.0,0.0,27.2,37.2,18.9,350,360,13.0,15.7,1,,,,,,,,
2016-08-13,3.0,5.1,0.0,0.0,18.8,20.0,16.7,90,100,6.3,7.6,1,,,,,,,,
2016-08-14,3.3,0.0,0.0,0.0,23.2,34.4,17.2,260,270,8.9,13.0,1,,1,,,,,,
2016-08-15,2.9,0.0,0.0,0.0,26.0,30.0,18.3,350,320,7.6,10.3,,,,,,,,,
2016-08-16,2.3,11.4,0.0,0.0,21.1,26.1,15.6,90,90,5.8,6.7,1,,,,,,,,
2016-08-17,4.9,0.0,0.0,0.0,24.0,28.9,17.2,310,330,13.0,19.2,1,,,,,,,,
2016-08-18,2.2,0.0,0.0,0.0,22.8,31.1,15.0,290,290,7.2,9.8,,,,,,,,,
2016-08-19,2.9,0.0,0.0,0.0,23.8,30.0,17.8,330,360,6.7,11.2,,,,,,,,,
2016-08-20,3.0,0.0,0.0,0.0,20.8,25.6,15.0,150,140,7.6,9.4,,,,,,,,,
2016-08-21,3.3,0.3,0.0,0.0,21.2,25.0,16.7,130,120,7.2,9.8,1,,,,,,,,
2016-08-22,4.3,17.5,0.0,0.0,21.6,25.6,13.9,350,350,9.4,12.1,1,,,,,,,,
2016-08-23,3.0,0.0,0.0,0.0,19.3,26.7,11.7,260,280,5.8,8.5,,,,,,,,,
2016-08-24,2.6,0.0,0.0,0.0,21.7,30.0,14.4,190,160,6.7,8.9,,,,,,,,,
2016-08-25,3.2,0.0,0.0,0.0,22.9,27.2,18.9,190,190,7.6,10.7,,,,,,,,,
2016-08-26,2.9,1.3,0.0,0.0,24.4,31.1,18.3,310,320,5.8,7.6,1,,,,,,,,
2016-08-27,2.2,0.0,0.0,0.0,23.6,30.6,16.7,320,350,6.7,8.5,,,,,,,,,
2016-08-28,3.0,0.0,0.0,0.0,20.7,26.1,15.0,170,190,7.2,10.3,,,,,,,,,
2016-08-29,4.7,0.0,0.0,0.0,23.3,30.0,16.1,340,310,11.2,15.7,,,,,,,,,
2016-08-30,2.8,0.0,0.0,0.0,20.1,26.7,12.2,180,170,7.2,9.4,,,,,,,,,
2016-08-31,1.8,0.0,0.0,0.0,20.8,27.8,15.6,290,260,6.3,8.5,,,,,,,,,
2016-09-01,2.5,0.0,0.0,0.0,22.1,27.2,18.3,340,330,6.3,8.5,1,,,,,,,,
2016-09-02,2.9,0.0,0.0,0.0,20.6,25.0,13.9,360,360,6.3,8.5,,,,,,,,,
2016-09-03,1.7,0.0,0.0,0.0,17.9,25.0,11.7,320,20,5.4,7.2,,,,,,,,,
2016-09-04,1.6,0.0,0.0,0.0,17.1,23.9,10.6,100,90,5.4,6.3,,,,,,,,,
2016-09-05,2.9,0.0,0.0,0.0,16.5,23.3,10.6,100,90,7.6,8.9,,,,,,,,,
2016-09-06,2.7,0.5,0.0,0.0,18.7,21.7,16.7,10,360,6.3,9.8,1,,1,,1,,,,
2016-09-07,1.9,1.3,0.0,0.0,18.8,21.7,17.2,80,90,4.0,4.9,1,,1,,,,,,
2016-09-08,2.2,0.0,0.0,0.0,20.3,24.4,18.3,80,80,5.8,6.3,1,,1,,1,,,,
2016-09-09,1.5,0.0,0.0,0.0,23.8,32.8,16.7,320,320,6.7,8.9,1,,,,,,,,
2016-09-10,2.1,0.0,0.0,0.0,20.9,27.2,14.4,140,140,6.3,7.6,1,,,,,,,,
2016-09-11,4.0,4.1,0.0,0.0,21.4,26.7,11.7,270,280,12.5,17.0,1,,1,,1,,1,,
2016-09-12,2.3,0.0,0.0,0.0,16.0,23.9,6.7,190,200,6.7,8.5,,,,,,,,,
2016-09-13,2.5,0.0,0.0,0.0,17.7,26.7,8.9,180,170,7.2,10.3,,,,,,,,,
2016-09-14,4.9,0.0,0.0,0.0,21.2,30.0,13.3,340,340,11.6,15.2,,,,,,,,,
2016-09-15,2.5,0.0,0.0,0.0,15.6,20.6,8.9,170,170,5.4,7.6,,,,,,,,,
2016-09-16,3.6,0.0,0.0,0.0,13.8,21.1,6.7,170,190,8.1,11.6,,,,,,,,,
2016-09-17,3.8,0.0,0.0,0.0,16.5,21.1,11.7,170,170,8.1,11.6,,,,,,,,,
2016-09-18,2.6,2.8,0.0,0.0,19.7,25.0,17.2,230,230,6.3,8.5,1,,,,,,,,
2016-09-19,1.3,5.8,0.0,0.0,20.3,22.8,18.3,330,330,4.0,5.4,1,,1,,,,1,,
2016-09-20,2.2,0.0,0.0,0.0,19.8,24.4,17.8,170,170,6.7,9.4,1,,1,,,,,,
2016-09-21,2.6,0.0,0.0,0.0,21.7,28.3,15.0,360,360,6.3,8.1,,,,,,,,,
2016-09-22,2.5,0.0,0.0,0.0,19.9,26.7,13.3,160,200,6.7,8.5,,,,,,,,,
2016-09-23,3.5,1.3,0.0,0.0,18.6,23.3,9.4,10,40,8.1,10.3,,,,,,,,,
2016-09-24,3.6,0.0,0.0,0.0,13.4,19.4,6.1,340,360,9.8,13.4,,,,,,,,,
2016-09-25,4.9,0.0,0.0,0.0,12.0,17.8,5.6,340,350,10.3,13.4,,,,,,,,,
2016-09-26,3.0,0.0,0.0,0.0,10.8,18.3,3.9,160,170,6.7,8.9,,,,,,,,,
2016-09-27,1.9,6.1,0.0,0.0,15.4,21.7,12.2,70,70,6.7,9.4,1,,,,,,,,
2016-09-28,4.1,0.0,0.0,0.0,13.6,16.7,11.7,20,30,7.2,8.9,,,,,,,,,
2016-09-29,3.5,0.0,0.0,0.0,12.9,17.8,7.2,40,40,8.1,11.6,,,,,,,,,
2016-09-30,3.0,0.0,0.0,0.0,10.7,15.6,6.7,100,100,6.7,8.1,,,,,,,,,
2016-10-01,3.1,8.4,0.0,0.0,12.3,15.0,10.0,30,30,6.3,8.1,1,,,,,,,,
2016-10-02,2.1,0.5,0.0,0.0,11.4,15.0,9.4,30,10,5.4,6.7,1,,,,,,,,
2016-10-03,3.5,0.0,0.0,0.0,14.7,21.1,11.1,100,100,7.6,10.3,1,,,,,,,,
2016-10-04,2.8,0.0,0.0,0.0,12.9,15.0,5.6,80,90,5.8,7.2,,,,,,,,,
2016-10-05,1.3,0.0,0.0,0.0,10.0,17.2,2.2,90,130,4.5,5.8,,,,,,,,,
2016-10-06,1.6,0.0,0.0,0.0,11.6,21.7,3.9,190,200,5.8,7.2,,,,,,,,,
2016-10-07,1.7,0.0,0.0,0.0,14.3,23.3,6.7,160,200,4.5,6.3,1,,1,,,,,,
2016-10-08,2.0,0.0,0.0,0.0,13.1,18.3,8.3,160,180,6.3,8.1,1,,1,,,,,,
2016-10-09,3.6,20.6,0.0,0.0,12.9,16.1,8.3,10,360,9.8,12.1,1,,,,,,,,
2016-10-10,5.8,0.0,0.0,0.0,10.0,14.4,3.9,360,360,12.5,17.0,,,,,,,,,
2016-10-11,2.1,0.0,0.0,0.0,8.4,17.2,0.6,180,160,5.8,7.2,,,,,,,,,
2016-10-12,1.8,0.0,0.0,0.0,10.1,16.7,2.8,160,170,6.3,7.6,,,,,,,,,
2016-10-13,3.4,0.5,0.0,0.0,12.7,17.8,6.7,300,310,7.6,10.3,1,,,,,,,,
2016-10-14,3.7,0.0,0.0,0.0,10.3,14.4,2.8,350,350,8.1,11.2,,,,,,,,,
2016-10-15,1.4,0.0,0.0,0.0,5.8,11.7,-1.0,120,150,4.5,5.8,,,,,,,,,
2016-10-16,2.4,0.3,0.0,0.0,9.1,18.9,0.6,230,240,6.3,8.1,,,,,,,,,
2016-10-17,2.4,0.0,0.0,0.0,16.6,23.3,9.4,50,150,6.7,8.5,1,,1,,,,,,
2016-10-18,2.5,0.0,0.0,0.0,12.2,13.3,10.0,90,40,5.8,7.6,1,,,,1,,,,
2016-10-19,2.7,0.3,0.0,0.0,17.6,25.6,9.4,320,320,9.4,11.6,1,,,,,,,,
2016-10-20,3.1,0.0,0.0,0.0,11.6,15.6,4.4,100,100,7.6,9.4,,,,,,,,,
2016-10-21,3.0,96.8,0.0,0.0,14.5,18.3,12.8,330,130,8.1,11.6,1,,1,,,,1,,
2016-10-22,3.1,11.7,0.0,0.0,16.1,17.8,6.1,260,260,8.9,11.6,1,,,,,,,,
2016-10-23,6.7,0.0,0.0,0.0,7.8,10.6,5.0,280,270,13.0,17.0,,,,,,,,,
2016-10-24,5.1,0.0,0.0,0.0,8.5,13.9,5.0,290,280,11.2,13.9,,,,,,,,,
2016-10-25,4.7,0.0,0.0,0.0,5.7,8.9,0.0,320,320,9.8,13.0,,,,,,,,,
2016-10-26,4.5,0.0,0.0,0.0,4.1,9.4,-0.5,330,360,8.1,11.2,,,,,,,,,
2016-10-27,2.7,9.1,0.0,0.0,3.9,8.9,-1.0,120,130,6.7,8.5,1,,,,1,,,,
2016-10-28,8.0,56.9,0.0,0.0,7.7,10.0,4.4,60,90,13.0,17.9,1,,,,,,,,
2016-10-29,1.8,6.1,0.0,0.0,5.3,7.8,2.8,340,330,6.3,8.5,1,,,,,,,,
2016-10-30,2.8,1.3,0.0,0.0,8.7,13.9,5.0,270,320,5.8,7.6,,,,,,,,,
2016-10-31,4.0,0.0,0.0,0.0,6.2,10.0,-0.5,330,340,8.1,10.7,,,,,,,,,
2016-11-01,2.1,0.0,0.0,0.0,2.6,10.0,-3.2,160,150,5.8,7.6,,,,,,,,,
2016-11-02,0.7,0.0,0.0,0.0,9.5,16.1,5.6,290,220,4.0,5.8,,,,,,,,,
2016-11-03,2.9,20.3,0.0,0.0,8.6,11.1,5.0,340,360,7.2,8.9,1,,,,,,,,
2016-11-04,3.6,0.0,0.0,0.0,8.3,12.8,-2.1,330,310,8.1,11.2,,,,,,,,,
2016-11-05,1.7,0.0,0.0,0.0,3.1,11.1,-3.8,240,250,5.4,6.7,,,,,,,,,
2016-11-06,3.8,0.0,0.0,0.0,6.6,9.4,2.2,360,350,11.6,14.8,,,,,,,,,
2016-11-07,2.6,0.0,0.0,0.0,4.4,9.4,-1.0,350,350,6.7,9.4,,,,,,,,,
2016-11-08,1.1,0.0,0.0,0.0,5.2,16.1,-2.1,170,150,3.6,4.5,,,,,,,,,
2016-11-09,3.1,0.0,0.0,0.0,7.9,16.1,2.8,360,350,8.9,12.5,,,,,,,,,
2016-11-10,2.8,0.0,0.0,0.0,4.5,9.4,-3.2,220,180,6.3,8.9,,,,,,,,,
2016-11-11,7.5,0.0,0.0,0.0,7.8,12.8,2.2,310,310,16.1,20.1,,,,,,,,,
2016-11-12,3.7,0.0,0.0,0.0,3.6,8.3,-2.7,320,310,9.4,13.4,,,,,,,,,
2016-11-13,2.3,0.0,0.0,0.0,8.4,14.4,1.7,260,290,6.3,8.1,,,,,,,,,
2016-11-14,1.2,0.0,0.0,0.0,7.2,16.7,-1.0,100,100,5.4,5.8,,,,,,,,,
2016-11-15,4.0,27.9,0.0,0.0,6.8,11.7,3.3,50,50,9.4,12.1,1,,,,,,,,
2016-11-16,3.2,4.6,0.0,0.0,11.4,12.8,7.8,130,130,7.2,10.3,1,,1,,,,,,
2016-11-17,3.4,0.0,0.0,0.0,10.4,15.6,5.6,330,320,6.7,9.4,,,,,,,,,
2016-11-18,3.3,0.0,0.0,0.0,9.1,17.2,3.3,340,340,7.2,8.9,,,,,,,,,
2016-11-19,2.5,0.3,0.0,0.0,8.7,13.9,4.4,20,30,5.4,6.7,1,,,,,,,,
2016-11-20,4.9,8.6,5.0,0.0,7.8,10.0,0.0,180,210,9.4,13.4,1,,,,1,,,,
2016-11-21,5.2,1.0,8.0,0.0,0.8,2.2,-1.6,280,260,9.4,13.0,1,,,,,,,,
2016-11-22,4.8,0.0,0.0,0.0,0.8,5.6,-2.1,280,300,9.8,12.5,,,,,,,,,
2016-11-23,5.3,0.0,0.0,0.0,1.4,6.7,-2.7,330,330,11.2,14.3,,,,,,,,,
2016-11-24,2.1,0.3,0.0,0.0,0.1,2.8,-2.7,30,20,4.0,5.4,1,,,,,,,,
2016-11-25,2.1,3.8,0.0,0.0,1.8,3.3,0.6,280,280,4.0,4.9,1,,,,,,,,
2016-11-26,2.2,0.8,0.0,0.0,3.2,8.3,0.6,330,330,5.4,7.2,1,,1,,1,,,,
2016-11-27,3.8,0.0,0.0,0.0,3.8,5.0,-2.1,330,320,7.2,9.4,,,,,,,,,
2016-11-28,2.9,0.0,0.0,0.0,0.9,6.1,-4.3,300,320,6.7,9.4,,,,,,,,,
2016-11-29,2.1,30.7,0.0,0.0,0.4,10.0,-4.9,320,140,5.8,8.5,1,,,,,,,,
2016-11-30,3.1,4.8,0.0,0.0,4.3,5.6,1.1,60,40,6.7,8.9,1,,,,,,,,
2016-12-01,5.6,28.4,0.0,0.0,7.5,11.1,5.0,90,80,11.6,15.2,1,,,,,,,,
2016-12-02,3.9,0.0,0.0,0.0,6.1,10.0,0.6,270,260,8.9,11.2,,,,,,,,,
2016-12-03,4.9,0.0,0.0,0.0,4.1,7.8,0.6,350,350,10.3,14.8,,,,,,,,,
2016-12-04,4.0,0.0,0.0,0.0,1.8,5.0,-4.3,330,320,8.1,12.1,,,,,,,,,
2016-12-05,2.1,4.1,51.0,0.0,-2.9,-1.0,-6.6,30,30,4.0,5.4,1,,,,,,,,
2016-12-06,1.7,0.0,0.0,50.0,-2.2,3.9,-8.8,310,330,4.5,6.3,,,,,,,,,
2016-12-07,1.6,0.8,3.0,30.0,-0.9,1.7,-2.1,350,360,4.0,4.9,1,,1,,,,,,
2016-12-08,2.5,0.0,0.0,0.0,0.8,5.6,-3.2,270,280,6.7,8.5,1,,1,,,,,,
2016-12-09,5.5,0.0,0.0,0.0,-0.8,0.6,-6.0,290,300,10.3,14.8,,,,,,,,,
2016-12-10,3.1,0.0,0.0,0.0,-6.1,-2.7,-11.6,340,360,8.1,11.2,,,,,,,,,
2016-12-11,1.5,0.0,0.0,0.0,-7.8,-0.5,-13.2,270,260,5.4,6.3,1,,,,,,,,
2016-12-12,2.2,16.5,102.0,80.0,-2.4,0.6,-6.0,10,320,7.2,8.9,1,,,,,,,,
2016-12-13,1.9,0.0,0.0,100.0,-1.6,2.2,-4.9,230,220,6.7,9.8,,,,,,,,,
2016-12-14,3.4,0.3,0.0,80.0,0.6,3.9,-5.5,280,270,9.4,11.2,1,,,,,,,,
2016-12-15,5.8,0.0,0.0,80.0,-5.7,-3.2,-16.6,300,290,13.9,19.2,,,,,1,,,,
2016-12-16,4.7,0.0,0.0,80.0,-15.5,-12.7,-19.3,290,300,14.3,18.3,,,,,,,,,
2016-12-17,2.0,13.5,112.0,80.0,-11.3,-6.0,-16.0,310,330,5.8,7.2,1,,1,1,,,,,
2016-12-18,3.5,12.4,0.0,180.0,-0.7,9.4,-6.0,280,290,11.2,13.4,1,,,1,,,,,
2016-12-19,2.8,0.0,0.0,100.0,-5.7,-2.1,-14.9,310,310,8.1,13.0,,,,,,,,,
2016-12-20,2.3,0.0,0.0,100.0,-10.6,-1.0,-16.6,210,200,6.3,8.1,,,,,,,,,
2016-12-21,4.0,0.0,0.0,100.0,-0.4,5.0,-4.9,270,280,7.2,9.4,,,,,,,,,
2016-12-22,2.3,2.0,13.0,80.0,-0.1,0.6,-2.7,290,210,5.4,7.2,1,,,,,,,,
2016-12-23,3.0,0.0,0.0,100.0,0.4,5.0,-4.3,240,250,6.3,8.5,,,,,,,,,
2016-12-24,3.4,3.6,0.0,80.0,1.8,4.4,0.6,200,190,7.2,9.8,1,,,,,,,,
2016-12-25,4.5,0.0,0.0,50.0,1.6,4.4,-7.1,330,340,11.2,15.7,,,,,,,,,
2016-12-26,2.2,0.5,0.0,50.0,-6.0,3.9,-9.9,210,210,7.6,11.2,1,,,,,,,,
2016-12-27,4.1,3.0,0.0,50.0,6.1,11.7,-1.0,260,250,11.2,17.4,1,,,,,,,,
2016-12-28,3.2,0.0,0.0,0.0,1.6,3.9,-2.7,300,290,7.6,9.8,,,,,,,,,
2016-12-29,3.6,40.4,114.0,0.0,-3.1,3.9,-4.9,290,290,10.3,14.3,1,,1,1,,,1,,
2016-12-30,5.7,6.4,81.0,150.0,1.0,2.8,-6.6,290,280,10.3,13.4,1,,1,,,,,,
2016-12-31,3.2,3.0,3.0,130.0,-4.1,2.2,-11.0,200,200,7.6,10.3,1,,,,,,,,
2017-01-01,3.8,1.3,0.0,100.0,2.3,5.0,-5.5,280,260,8.1,11.2,1,,,,,,,,
2017-01-02,0.5,0.0,0.0,80.0,-2.4,3.3,-8.8,240,210,3.1,3.6,,,,,,,,,
2017-01-03,4.9,25.7,0.0,80.0,0.1,4.4,-3.2,80,100,10.3,15.2,1,1,,,,,,,
2017-01-04,4.8,3.0,0.0,50.0,2.9,7.2,0.0,260,270,9.4,14.8,1,,,,,,,,
2017-01-05,5.7,0.0,0.0,50.0,-0.7,0.6,-3.8,280,280,11.2,16.1,,,,,,,,,
2017-01-06,2.7,0.0,0.0,30.0,-3.4,-1.0,-7.7,260,270,6.3,7.2,1,,,,1,,,,
2017-01-07,3.1,2.3,28.0,30.0,-7.9,-6.6,-11.6,350,10,7.6,9.4,1,,,,,,,,
2017-01-08,4.6,0.3,3.0,50.0,-9.2,-6.0,-12.7,340,340,8.1,10.3,1,,,,1,,,,
2017-01-09,1.7,0.0,0.0,50.0,-11.8,-8.2,-17.1,270,280,5.4,6.3,,,,,,,,,
2017-01-10,2.6,5.1,0.0,30.0,-9.1,5.6,-14.3,180,180,10.7,17.0,1,,,1,,,,,
2017-01-11,5.1,5.8,0.0,0.0,7.5,12.2,1.7,190,200,11.6,17.9,1,,,,,,,,
2017-01-12,2.1,2.8,0.0,0.0,7.1,10.0,3.9,200,190,4.5,6.3,1,,1,,,,,,
2017-01-13,5.8,0.0,0.0,0.0,6.2,11.1,-8.2,320,330,12.5,17.0,,,,,,,,,
2017-01-14,2.1,0.0,0.0,0.0,-7.6,-3.8,-12.1,350,340,5.8,6.7,,,,,,,,,
2017-01-15,2.4,0.0,0.0,0.0,-4.1,1.1,-9.9,340,320,5.8,7.6,,,,,,,,,
2017-01-16,2.3,0.0,0.0,0.0,-4.1,3.9,-10.5,220,220,6.7,9.4,,,,,,,,,
2017-01-17,2.6,0.5,5.0,0.0,-0.7,4.4,-7.1,100,100,7.2,8.9,1,,,,,,,,
2017-01-18,4.3,10.4,112.0,80.0,-1.3,0.6,-3.8,40,60,6.7,9.4,1,,,,1,,,,
2017-01-19,1.4,0.8,13.0,130.0,-1.2,4.4,-3.8,350,320,4.0,4.9,1,,,,,,,,
2017-01-20,1.0,0.0,0.0,80.0,1.0,4.4,-5.5,300,310,3.6,4.5,,,,,,,,,
2017-01-21,0.8,0.0,0.0,50.0,3.3,7.2,2.2,200,230,3.6,4.5,,,,,,,,,
2017-01-22,3.8,0.0,0.0,30.0,2.7,3.3,0.6,40,50,8.9,12.5,,,,,,,,,
2017-01-23,7.0,0.0,0.0,0.0,0.1,0.6,-1.0,40,40,10.3,13.4,,,,,,,,,
2017-01-24,7.1,34.5,20.0,30.0,-0.7,1.1,-1.6,30,40,11.6,15.7,1,1,,1,,,,,
2017-01-25,3.6,0.3,0.0,30.0,2.2,5.6,-2.1,340,330,7.6,10.7,1,,,,,,,,
2017-01-26,3.4,0.0,0.0,30.0,2.6,8.3,-2.1,270,270,8.9,12.1,,,,,,,,,
2017-01-27,6.2,0.0,0.0,0.0,3.4,6.1,1.1,280,290,11.6,16.1,,,,,,,,,
2017-01-28,5.0,0.0,0.0,0.0,1.7,4.4,-1.0,290,280,12.5,14.8,,,,,,,,,
2017-01-29,3.5,0.0,0.0,0.0,0.4,5.6,-3.2,280,280,9.8,12.5,,,,,,,,,
2017-01-30,3.0,0.0,0.0,0.0,-1.9,1.7,-7.1,310,320,6.3,8.1,,,,,,,,,
2017-01-31,1.7,0.0,0.0,0.0,-6.4,-3.8,-11.0,350,340,5.8,6.7,,,,,,,,,
2017-02-01,2.2,0.8,10.0,0.0,-4.3,1.1,-6.6,280,270,5.8,7.2,1,,,,1,,,,
2017-02-02,3.5,0.0,0.0,0.0,-1.6,3.3,-6.0,280,280,11.2,15.2,,,,,,,,,
2017-02-03,3.5,0.0,0.0,0.0,-4.1,0.6,-9.3,260,230,8.1,11.6,,,,,,,,,
2017-02-04,4.2,0.0,0.0,0.0,-5.4,-1.0,-9.9,280,270,9.8,13.9,,,,,,,,,
2017-02-05,3.5,0.0,0.0,0.0,-2.1,3.9,-5.5,220,230,8.1,10.7,,,,,,,,,
2017-02-06,5.1,0.0,0.0,0.0,-1.1,0.6,-4.9,290,300,11.2,16.5,,,,,,,,,
2017-02-07,4.8,14.5,104.0,30.0,-6.4,-3.8,-8.8,30,40,7.6,9.8,1,,,,1,,,,
2017-02-08,3.4,3.3,5.0,100.0,-3.0,10.0,-9.3,300,290,13.0,16.1,1,1,,1,,,,,
2017-02-09,7.0,10.9,191.0,50.0,-3.6,0.0,-12.1,320,340,13.9,17.4,1,,1,,1,1,,,
2017-02-10,3.9,0.0,0.0,180.0,-12.1,-9.9,-16.0,320,310,13.0,17.0,,,,,1,1,,,
2017-02-11,5.0,5.3,152.0,230.0,-12.3,-9.3,-13.8,360,360,8.1,10.7,1,,,,,,,,
2017-02-12,4.7,28.7,239.0,230.0,-8.3,-4.9,-9.3,50,50,7.6,12.1,1,,1,,1,,,,
2017-02-13,8.7,11.2,170.0,510.0,-4.9,-2.7,-6.6,320,340,13.4,18.8,1,,,,,1,,,
2017-02-14,1.6,0.0,0.0,460.0,-5.1,-1.0,-12.1,320,320,6.3,8.1,,,,,1,,,,
2017-02-15,3.4,23.4,43.0,410.0,-3.9,3.9,-8.8,80,90,10.7,14.8,1,,,,,,,,
2017-02-16,4.3,6.9,94.0,430.0,-1.3,1.7,-5.5,20,20,8.9,14.3,1,,,,1,,,,
2017-02-17,3.4,0.0,0.0,380.0,-3.3,3.3,-11.0,310,330,7.6,10.3,,,,,,,,,
2017-02-18,2.5,0.0,0.0,380.0,-2.0,5.0,-9.3,180,180,6.3,10.7,,,,,,,,,
2017-02-19,2.8,0.0,0.0,330.0,5.9,12.8,-2.1,320,320,8.1,11.2,,,,,,,,,
2017-02-20,5.4,0.0,0.0,250.0,3.5,5.6,-3.8,350,350,9.4,14.3,,,,,,,,,
2017-02-21,2.3,0.0,0.0,250.0,-1.8,2.8,-9.3,160,140,5.8,6.7,,,,,,,,,
2017-02-22,1.2,0.0,0.0,230.0,3.7,9.4,-2.1,170,,3.1,,,,,,,,,,
2017-02-23,1.8,0.0,0.0,200.0,2.4,10.6,-3.2,150,180,5.8,8.1,1,,,,1,,,,
2017-02-24,1.6,0.8,0.0,180.0,8.0,11.7,2.8,150,220,4.0,5.8,1,,,,1,,,,
2017-02-25,2.8,6.4,0.0,100.0,6.2,10.0,1.7,260,160,7.2,10.3,1,,1,,,,,,
2017-02-26,5.4,3.6,0.0,50.0,4.8,7.8,-3.8,300,310,11.6,15.2,,,,,,,,,
2017-02-27,4.3,0.0,0.0,50.0,1.9,11.1,-3.8,270,270,10.7,14.8,,,,,,,,,
2017-02-28,1.9,0.0,0.0,30.0,4.4,7.8,0.0,120,130,5.4,8.9,1,,1,,,,,,
2017-03-01,2.1,2.0,0.0,0.0,6.1,8.9,4.4,200,190,6.3,9.4,1,,1,,,,,,
2017-03-02,7.2,0.0,0.0,0.0,6.1,12.2,-4.9,280,290,16.1,20.6,1,,1,,,,,,
2017-03-03,4.7,0.0,0.0,0.0,-4.1,0.6,-8.8,310,320,9.4,11.2,,,,,,,,,
2017-03-04,7.4,0.0,0.0,0.0,-9.9,-8.2,-13.8,310,350,13.4,19.2,,,,,1,,,,
2017-03-05,7.5,0.0,0.0,0.0,-8.9,-0.5,-13.2,310,330,11.6,17.4,,,,,,,,,
2017-03-06,2.1,0.0,0.0,0.0,-5.4,4.4,-14.9,320,300,5.4,6.7,,,,,,,,,
2017-03-07,2.1,1.5,0.0,0.0,0.7,4.4,-3.8,170,170,4.5,10.3,1,,,,,,,,
2017-03-08,2.9,3.8,0.0,0.0,5.9,12.2,1.1,300,290,10.3,13.4,1,,1,,,,,,
2017-03-09,6.0,0.0,0.0,0.0,4.3,6.1,-1.6,280,290,16.5,21.5,,,,,,,,,
2017-03-10,3.1,1.3,30.0,30.0,-1.8,-0.5,-8.2,340,340,9.8,14.8,1,,,,,1,,,
2017-03-11,7.6,0.0,0.0,30.0,-11.0,-8.2,-16.0,290,290,13.0,17.4,,,,,,,,,
2017-03-12,4.1,0.0,0.0,0.0,-11.8,-3.8,-17.1,290,300,9.4,13.0,,,,,,,,,
2017-03-13,2.2,0.0,0.0,0.0,-8.2,0.0,-14.3,150,160,6.3,8.5,,,,,,,,,
2017-03-14,7.4,36.3,414.0,0.0,-3.9,-1.6,-6.6,30,40,17.9,26.4,1,,1,,,,,,
2017-03-15,5.7,0.3,3.0,300.0,-3.0,-0.5,-6.6,290,280,9.8,13.0,1,,,,,,,,
2017-03-16,4.6,0.0,0.0,280.0,-4.4,-0.5,-9.3,280,330,9.8,12.1,,,,,,,,,
2017-03-17,1.8,0.0,0.0,280.0,-4.9,2.2,-12.7,350,330,7.2,11.2,,,,,,,,,
2017-03-18,2.3,0.0,0.0,250.0,-3.8,0.0,-11.6,170,140,5.8,7.6,,,,,,,,,
2017-03-19,4.4,0.0,0.0,230.0,-0.6,4.4,-3.2,60,80,9.4,13.0,,,,,,,,,
2017-03-20,4.3,0.0,0.0,200.0,3.4,10.0,-1.0,340,30,9.8,12.5,,,,,,,,,
2017-03-21,2.3,0.0,0.0,180.0,3.8,8.3,-1.0,160,180,6.3,8.1,,,,,,,,,
2017-03-22,7.2,0.3,0.0,180.0,-1.3,1.1,-8.8,340,340,14.8,20.1,,,,,,,,,
2017-03-23,4.9,0.0,0.0,180.0,-5.7,1.1,-9.9,330,330,11.6,17.4,,,,,,,,,
2017-03-24,2.8,7.1,15.0,130.0,-1.7,2.2,-5.5,210,220,9.8,13.4,1,1,,,1,,,,
2017-03-25,2.8,0.0,0.0,130.0,2.5,5.6,-1.6,350,360,5.8,7.2,,,,,,,,,
2017-03-26,2.8,0.0,0.0,100.0,-0.2,1.7,-5.5,60,50,6.7,8.5,,,,,,,,,
2017-03-27,4.1,19.1,0.0,100.0,1.6,2.8,0.6,70,60,8.1,11.2,1,,,,1,,,,
2017-03-28,1.8,6.4,0.0,100.0,1.2,2.2,0.0,60,70,5.4,7.2,1,,,,,,,,
2017-03-29,5.1,1.8,0.0,50.0,3.4,7.8,1.1,330,330,9.8,13.9,1,,,,,,,,
2017-03-30,4.8,0.0,0.0,50.0,4.3,9.4,0.0,330,330,10.3,14.8,,,,,,,,,
2017-03-31,2.8,9.1,76.0,30.0,1.9,3.3,-0.5,50,80,6.3,7.6,1,,,,,,,,
2017-04-01,5.7,28.2,201.0,200.0,0.3,1.1,0.0,50,60,11.2,15.2,1,,,,,,,,
2017-04-02,3.1,0.0,0.0,180.0,2.8,10.0,-0.5,350,340,8.1,11.6,1,,,,,,,,
2017-04-03,2.6,0.0,0.0,130.0,3.9,11.1,-3.2,310,340,7.2,10.3,,,,,,,,,
2017-04-04,5.3,18.3,0.0,80.0,2.8,5.0,1.1,80,90,9.8,14.3,1,,,,,,,,
2017-04-05,3.4,0.3,0.0,50.0,2.8,6.1,1.1,40,40,7.2,9.8,1,,,,,,,,
2017-04-06,5.1,46.5,0.0,30.0,3.1,7.8,2.2,70,80,11.2,13.4,1,,1,,,,1,,
2017-04-07,3.6,0.0,0.0,0.0,6.7,10.6,4.4,180,180,8.9,13.4,1,,1,,,,,,
2017-04-08,5.3,0.0,0.0,0.0,5.7,9.4,2.8,300,310,9.8,13.4,,,,,,,,,
2017-04-09,2.4,0.0,0.0,0.0,6.1,15.0,-1.6,280,320,6.7,8.9,,,,,,,,,
2017-04-10,2.7,0.0,0.0,0.0,9.2,18.9,0.6,190,180,6.3,9.8,,,,,,,,,
2017-04-11,2.0,0.0,0.0,0.0,14.3,24.4,5.0,90,,4.0,,,,,,,,,,
2017-04-12,1.8,5.1,0.0,0.0,10.8,15.6,6.7,150,,6.7,,1,,1,,,,,,
2017-04-13,4.2,0.0,0.0,0.0,8.8,15.6,1.1,340,330,8.9,13.4,,,,,,,,,
2017-04-14,3.4,0.0,0.0,0.0,8.2,16.1,0.0,10,350,6.3,9.8,,,,,,,,,
2017-04-15,3.9,0.0,0.0,0.0,8.7,17.2,-1.0,180,170,7.6,13.9,,,,,,,,,
2017-04-16,4.6,0.8,0.0,0.0,18.1,30.0,8.3,290,280,9.8,15.7,1,,,,,,,,
2017-04-17,5.4,0.0,0.0,0.0,19.3,20.6,6.7,320,280,8.9,14.8,,,,,,,,,
2017-04-18,3.1,0.0,0.0,0.0,7.1,9.4,0.0,110,110,6.3,9.8,,,,,,,,,
2017-04-19,3.9,4.1,0.0,0.0,3.5,7.8,-1.0,170,150,8.1,16.5,1,,,,,,,,
2017-04-20,3.5,0.0,0.0,0.0,7.4,12.2,5.6,80,90,5.8,9.4,1,,,,,,,,
2017-04-21,5.5,9.1,0.0,0.0,5.6,5.6,3.3,80,120,6.7,10.7,1,,,,,,,,
2017-04-22,3.0,3.3,0.0,0.0,4.1,5.6,2.2,80,70,6.7,8.9,1,,,,,,,,
2017-04-23,3.7,0.0,0.0,0.0,6.9,15.6,1.1,190,170,6.7,13.9,1,,1,,,,,,
2017-04-24,2.9,0.0,0.0,0.0,9.6,16.7,1.7,80,90,6.7,8.9,,,,,,,,,
2017-04-25,4.4,13.7,0.0,0.0,6.9,8.9,5.0,80,70,6.3,12.1,1,,1,,,,,,
2017-04-26,3.4,33.3,0.0,0.0,8.9,12.2,7.2,60,70,6.3,7.6,1,,,,,,,,
2017-04-27,2.3,0.0,0.0,0.0,10.9,15.6,8.3,100,60,4.5,7.2,1,,,,,,,,
2017-04-28,2.1,0.0,0.0,0.0,12.0,18.9,7.8,90,,6.7,,1,,1,,,,,,
2017-04-29,4.0,0.0,0.0,0.0,16.9,27.2,7.8,290,340,9.4,17.0,,,,,,,,,
2017-04-30,4.2,0.0,0.0,0.0,10.5,11.7,5.0,330,320,11.6,16.1,,,,,,,,,
2017-05-01,4.3,3.3,0.0,0.0,6.6,6.7,5.6,140,310,7.2,9.8,1,,,,1,,,,
2017-05-02,2.6,8.4,0.0,0.0,7.6,13.9,5.6,260,260,7.2,10.3,1,,,,,,,,
2017-05-03,5.7,0.0,0.0,0.0,12.3,17.8,3.9,290,330,11.6,17.0,,,,,,,,,
2017-05-04,3.4,0.0,0.0,0.0,8.3,14.4,1.1,180,180,8.1,11.2,,,,,,,,,
2017-05-05,5.0,17.3,0.0,0.0,7.8,10.0,6.7,100,100,14.3,17.4,1,,,,,,,,
2017-05-06,4.5,3.3,0.0,0.0,10.6,15.0,8.3,140,150,10.7,17.0,1,,1,,,,,,
2017-05-07,6.2,0.3,0.0,0.0,11.3,15.6,8.3,180,190,12.5,16.5,1,,,,,,,,
2017-05-08,3.4,1.3,0.0,0.0,8.9,11.7,4.4,220,250,7.2,12.1,1,,,,,,,,
2017-05-09,2.2,0.0,0.0,0.0,6.9,11.7,0.0,90,130,6.3,8.9,1,,,,,,,,
2017-05-10,3.0,0.0,0.0,0.0,8.6,13.3,5.6,120,130,7.2,9.4,,,,,,,,,
2017-05-11,3.3,0.3,0.0,0.0,9.4,12.8,6.7,20,20,7.2,9.4,1,,,,,,,,
2017-05-12,3.1,0.0,0.0,0.0,10.8,15.0,7.8,180,170,6.3,9.4,1,,,,,,,,
2017-05-13,2.6,0.0,0.0,0.0,9.4,14.4,3.9,150,140,6.3,9.8,1,,,,,,,,
2017-05-14,5.1,18.3,0.0,0.0,8.1,8.9,7.2,350,30,8.1,17.4,1,,,,,,,,
2017-05-15,4.9,1.0,0.0,0.0,9.3,13.9,6.1,350,350,9.8,16.1,1,,,,,,,,
2017-05-16,4.1,0.0,0.0,0.0,14.7,25.0,4.4,330,330,9.4,13.4,,,,,1,,,,
2017-05-17,3.6,0.0,0.0,0.0,18.3,25.0,8.3,170,170,10.7,13.9,,,,,,,,,
2017-05-18,3.6,0.0,0.0,0.0,24.2,33.9,15.0,160,160,10.3,13.4,,,,,,,,,
2017-05-19,6.3,0.0,0.0,0.0,24.1,29.4,11.7,290,360,11.6,16.1,,,,,,,,,
2017-05-20,3.7,0.0,0.0,0.0,13.9,20.0,8.3,350,360,8.1,9.8,,,,,,,,,
2017-05-21,2.8,0.0,0.0,0.0,12.8,18.3,3.9,190,160,7.2,10.3,,,,,,,,,
2017-05-22,3.3,13.5,0.0,0.0,11.9,13.3,8.9,180,190,9.4,13.9,1,,,,1,,,,
2017-05-23,1.9,0.0,0.0,0.0,12.7,19.4,10.0,210,190,5.4,8.1,1,,,,,,,,
2017-05-24,1.7,0.0,0.0,0.0,14.1,20.0,9.4,100,70,4.5,6.3,,,,,,,,,
2017-05-25,5.1,26.2,0.0,0.0,11.4,13.9,8.3,70,70,11.6,16.1,1,,,,,,,,
2017-05-26,4.7,44.2,0.0,0.0,10.5,13.3,8.9,60,60,11.6,18.3,1,,,,1,,,,
2017-05-27,3.3,0.0,0.0,0.0,12.6,17.2,8.9,160,170,6.7,8.5,1,,,,,,,,
2017-05-28,2.5,0.0,0.0,0.0,11.1,15.0,7.2,150,170,6.7,8.9,,,,,,,,,
2017-05-29,4.7,0.5,0.0,0.0,8.8,9.4,7.8,100,110,8.9,11.6,1,,,,,,,,
2017-05-30,2.6,0.0,0.0,0.0,9.7,12.8,8.3,140,140,7.2,8.9,1,,,,,,,,
2017-05-31,3.5,13.2,0.0,0.0,12.3,16.1,10.6,130,170,7.2,10.3,1,,1,,,,1,,
2017-06-01,2.9,2.8,0.0,0.0,14.6,22.2,10.0,290,280,10.3,14.8,1,,1,,,,1,,
2017-06-02,3.9,0.3,0.0,0.0,15.3,20.0,7.8,270,270,10.7,15.2,,,,,,,,,
2017-06-03,3.6,0.0,0.0,0.0,12.3,18.9,6.7,350,310,7.6,11.2,,,,,,,,,
2017-06-04,2.9,1.0,0.0,0.0,14.4,21.7,6.7,180,180,8.1,11.6,,,,,1,,,,
2017-06-05,4.1,3.6,0.0,0.0,12.7,14.4,10.6,100,70,8.1,11.2,1,,,,,,,,
2017-06-06,3.6,18.3,0.0,0.0,10.2,11.7,8.9,40,60,7.2,13.0,1,,,,,,,,
2017-06-07,2.6,0.8,0.0,0.0,13.6,20.6,8.9,190,180,7.2,9.4,1,,,,,,,,
2017-06-08,3.3,0.0,0.0,0.0,16.1,23.9,8.3,170,180,9.8,13.4,,,,,,,,,
2017-06-09,3.0,0.0,0.0,0.0,15.2,23.3,10.6,290,220,7.6,10.3,,,,,,,,,
2017-06-10,3.0,0.0,0.0,0.0,19.3,24.4,11.1,170,170,9.4,13.0,,,,,,,,,
2017-06-11,3.8,0.0,0.0,0.0,23.7,32.8,18.3,200,180,9.4,13.0,,,,,,,,,
2017-06-12,3.0,0.0,0.0,0.0,26.8,31.7,18.9,160,180,9.4,11.6,,,,,,,,,
2017-06-13,4.0,0.0,0.0,0.0,27.5,32.8,18.3,340,350,8.9,13.0,,,,,,,,,
2017-06-14,3.1,0.0,0.0,0.0,20.1,24.4,11.1,290,270,7.6,11.6,,,,,,,,,
2017-06-15,3.4,0.0,0.0,0.0,15.2,20.0,8.3,160,150,8.1,10.7,,,,,,,,,
2017-06-16,3.8,10.4,0.0,0.0,14.7,16.1,13.3,160,150,7.6,12.1,1,,,,,,,,
2017-06-17,1.8,0.5,0.0,0.0,16.1,21.7,13.3,90,270,4.0,8.1,1,,,,,,,,
2017-06-18,3.4,0.3,0.0,0.0,19.2,25.0,15.6,180,170,6.3,13.4,1,,1,,,,,,
2017-06-19,4.0,8.4,0.0,0.0,21.4,27.2,18.3,180,170,10.3,15.7,1,,,,,,1,,
2017-06-20,4.1,0.0,0.0,0.0,21.2,28.3,17.8,280,160,8.1,12.5,1,,,,,,,,
2017-06-21,3.9,0.0,0.0,0.0,22.4,27.8,15.6,290,280,9.8,13.0,,,,,,,,,
2017-06-22,2.7,0.0,0.0,0.0,21.1,27.8,12.2,300,290,7.6,9.8,,,,,,,,,
2017-06-23,2.6,0.0,0.0,0.0,18.6,23.3,15.6,190,180,7.6,11.6,1,,,,1,,,,
2017-06-24,3.8,0.0,0.0,0.0,23.2,29.4,18.3,320,330,9.4,13.0,1,,,,,,,,
2017-06-25,3.4,0.0,0.0,0.0,22.5,27.8,15.0,280,180,8.9,11.2,,,,,,,,,
2017-06-26,3.1,0.0,0.0,0.0,19.8,24.4,14.4,310,280,7.2,9.8,,,,,,,,,
2017-06-27,2.7,5.1,0.0,0.0,17.6,23.3,13.3,220,170,7.2,9.8,1,,,,,,1,,
2017-06-28,3.0,1.5,0.0,0.0,17.0,24.4,10.0,290,300,8.1,11.6,,,,,,,1,,
2017-06-29,1.9,4.3,0.0,0.0,17.8,23.3,11.1,240,240,7.6,14.8,1,,,,,,,,
2017-06-30,2.2,9.4,0.0,0.0,18.6,24.4,15.6,10,90,7.6,9.4,1,,,,,,1,,
2017-07-01,3.4,0.0,0.0,0.0,21.0,26.1,17.8,180,180,10.3,14.8,1,,1,,,,,,
2017-07-02,4.0,0.0,0.0,0.0,23.9,30.6,18.3,280,290,9.4,13.0,1,,,,,,,,
2017-07-03,4.2,0.0,0.0,0.0,24.6,28.9,16.1,280,280,8.1,11.6,,,,,,,,,
2017-07-04,3.1,0.0,0.0,0.0,22.0,27.8,13.9,320,310,7.6,10.7,,,,,,,,,
2017-07-05,2.7,0.0,0.0,0.0,20.7,27.8,12.2,190,200,7.6,9.8,,,,,,,,,
2017-07-06,3.8,0.0,0.0,0.0,19.8,23.3,15.0,180,180,8.9,13.0,,,,,,,,,
2017-07-07,2.4,0.3,0.0,0.0,18.4,22.8,14.4,210,200,6.3,8.5,,,,,,,,,
2017-07-08,3.2,4.6,0.0,0.0,18.4,24.4,13.3,250,250,9.4,12.5,,,,,1,,1,,
2017-07-09,2.9,0.0,0.0,0.0,22.0,27.8,15.0,260,250,7.2,12.1,,,,,,,,,
2017-07-10,2.8,0.0,0.0,0.0,22.3,27.8,15.0,180,190,7.2,10.3,,,,,,,,,
2017-07-11,2.6,0.3,0.0,0.0,20.9,25.6,17.2,200,170,6.3,7.6,1,,,,,,,,
2017-07-12,2.7,0.0,0.0,0.0,22.7,28.3,17.8,110,140,6.7,8.9,1,,,,,,,,
2017-07-13,2.8,1.0,0.0,0.0,17.4,19.4,14.4,40,40,6.7,8.9,1,,,,,,,,
2017-07-14,1.7,0.0,0.0,0.0,16.4,20.0,12.8,110,110,4.5,6.3,,,,,,,,,
2017-07-15,2.0,0.0,0.0,0.0,18.1,22.8,15.6,150,150,5.8,6.7,,,,,,,,,
2017-07-16,2.4,0.0,0.0,0.0,21.1,27.8,14.4,180,180,7.6,10.3,1,,,,,,,,
2017-07-17,2.8,0.0,0.0,0.0,20.9,25.6,16.7,90,150,6.3,8.9,1,,,,,,,,
2017-07-18,2.3,14.5,0.0,0.0,21.0,25.6,18.9,80,90,5.8,8.5,1,,1,,1,,,,
2017-07-19,2.2,0.0,0.0,0.0,22.4,26.7,19.4,190,180,6.3,8.9,1,,1,,,,,,
2017-07-20,2.2,0.0,0.0,0.0,23.9,31.1,18.9,190,200,7.6,9.8,1,,,,,,,,
2017-07-21,3.3,0.0,0.0,0.0,24.8,30.6,18.3,260,170,7.2,11.2,,,,,,,,,
2017-07-22,2.1,0.0,0.0,0.0,24.9,30.0,18.9,260,260,6.3,8.1,,,,,,,,,
2017-07-23,3.4,0.0,0.0,0.0,20.7,22.2,15.0,40,170,6.3,8.5,,,,,,,,,
2017-07-24,3.3,6.1,0.0,0.0,16.2,18.9,12.8,90,70,8.1,12.5,1,,,,,,,,
2017-07-25,2.9,0.0,0.0,0.0,16.2,22.8,12.8,360,10,6.7,9.4,,,,,,,,,
2017-07-26,2.8,0.0,0.0,0.0,19.3,26.7,13.3,160,150,6.3,7.6,,,,,,,,,
2017-07-27,3.1,0.0,0.0,0.0,19.3,23.9,16.7,240,260,7.2,8.9,,,,,,,,,
2017-07-28,2.5,0.0,0.0,0.0,21.5,28.9,15.6,190,180,6.7,8.5,1,,,,,,,,
2017-07-29,3.3,0.0,0.0,0.0,19.2,23.9,11.1,100,100,6.7,9.8,,,,,,,,,
2017-07-30,2.7,0.0,0.0,0.0,18.6,26.7,10.0,350,340,6.3,8.5,,,,,,,,,
2017-07-31,2.7,0.0,0.0,0.0,20.5,27.2,11.1,190,180,7.6,10.7,,,,,1,,1,,
2017-08-01,2.6,0.0,0.0,0.0,23.0,30.0,17.2,190,180,8.1,10.7,,,,,,,,,
2017-08-02,2.5,0.0,0.0,0.0,21.8,28.9,15.6,90,180,7.2,8.9,1,,,,,,,,
2017-08-03,3.3,0.0,0.0,0.0,22.2,26.7,18.3,180,170,7.6,10.3,1,,,,,,,,
2017-08-04,3.8,0.0,0.0,0.0,21.2,25.0,17.2,160,160,9.4,11.6,,,,,,,,,
2017-08-05,3.7,1.3,0.0,0.0,20.3,22.8,16.7,150,170,7.6,12.5,1,,,,1,,1,,
2017-08-06,3.7,0.0,0.0,0.0,19.7,25.0,13.9,310,300,9.8,13.4,,,,,,,,,
2017-08-07,3.6,0.5,0.0,0.0,19.3,26.1,11.1,210,220,7.6,10.7,1,,,,,,,,
2017-08-08,2.3,3.6,0.0,0.0,19.2,22.8,15.0,360,220,6.3,8.9,1,,,,,,,,
2017-08-09,2.7,0.0,0.0,0.0,19.7,27.8,11.7,170,180,8.1,10.7,1,,,,,,,,
2017-08-10,2.5,0.0,0.0,0.0,21.7,27.2,15.0,150,140,7.2,10.7,,,,,,,,,
2017-08-11,2.2,0.0,0.0,0.0,21.0,26.1,16.7,150,150,6.7,8.5,1,,,,,,,,
2017-08-12,3.1,2.0,0.0,0.0,19.6,22.8,17.8,190,180,7.6,10.7,1,,,,,,,,
2017-08-13,3.5,0.3,0.0,0.0,22.7,30.0,16.1,320,310,9.8,13.0,,,,,,,,,
2017-08-14,2.5,0.0,0.0,0.0,20.8,27.2,12.8,190,180,6.7,8.9,,,,,,,,,
2017-08-15,2.6,0.0,0.0,0.0,20.3,26.1,15.0,190,180,7.2,12.1,1,,,,,,,,
2017-08-16,3.6,0.0,0.0,0.0,22.5,27.8,13.3,350,350,8.1,10.7,,,,,,,,,
2017-08-17,2.5,0.0,0.0,0.0,19.3,28.3,10.0,280,280,8.1,10.3,,,,,,,,,
2017-08-18,3.6,48.5,0.0,0.0,17.6,19.4,15.6,110,110,7.2,11.2,1,,,,,,,,
2017-08-19,3.0,0.3,0.0,0.0,19.1,26.7,15.6,140,210,6.7,7.6,1,,,,,,,,
2017-08-20,3.1,0.0,0.0,0.0,22.2,28.9,16.7,310,290,8.9,11.2,,,,,,,,,
2017-08-21,2.7,0.0,0.0,0.0,22.2,30.0,14.4,190,180,6.7,9.8,,,,,,,,,
2017-08-22,3.4,9.1,0.0,0.0,22.3,27.8,16.1,190,170,9.4,12.5,1,,,,,,1,,
2017-08-23,4.3,10.4,0.0,0.0,23.2,26.7,15.6,270,280,8.9,13.0,1,,,,,,1,,
2017-08-24,2.2,0.0,0.0,0.0,19.6,26.1,12.2,150,260,6.3,8.5,,,,,,,,,
2017-08-25,3.2,0.0,0.0,0.0,18.8,23.3,11.7,310,270,7.6,11.6,,,,,,,,,
2017-08-26,2.9,0.0,0.0,0.0,16.4,23.9,10.0,270,270,8.1,12.1,,,,,,,,,
2017-08-27,1.9,0.0,0.0,0.0,17.4,23.3,10.0,120,140,6.3,8.9,,,,,,,,,
2017-08-28,2.1,0.0,0.0,0.0,16.2,22.8,10.0,120,130,7.2,9.8,,,,,,,,,
2017-08-29,2.2,0.0,0.0,0.0,15.0,20.6,8.3,150,150,6.7,8.1,,,,,,,,,
2017-08-30,2.4,0.0,0.0,0.0,16.6,23.3,11.1,210,130,5.8,7.6,,,,,,,,,
2017-08-31,4.4,0.0,0.0,0.0,16.9,25.0,10.0,310,320,9.8,12.5,,,,,,,,,
2017-09-01,4.9,0.0,0.0,0.0,14.2,18.9,7.8,280,270,9.8,13.4,,,,,,,,,
2017-09-02,3.2,0.0,0.0,0.0,13.6,21.7,6.1,130,270,6.7,9.8,,,,,,,,,
2017-09-03,5.2,23.1,0.0,0.0,13.9,17.8,10.6,140,80,10.7,14.3,1,,,,,,,,
2017-09-04,4.9,0.3,0.0,0.0,16.9,24.4,12.8,230,270,8.9,11.6,,,,,,,,,
2017-09-05,4.5,0.0,0.0,0.0,20.3,26.1,16.7,180,220,7.2,10.7,,,,,,,,,
2017-09-06,2.6,15.7,0.0,0.0,18.6,22.2,15.0,350,350,9.8,12.1,1,,,,,,1,,
2017-09-07,3.8,15.5,0.0,0.0,17.5,23.3,13.9,260,240,7.6,10.3,1,,,,,,,,
2017-09-08,2.6,0.3,0.0,0.0,16.7,22.2,9.4,250,270,6.7,10.7,,,,,,,,,
2017-09-09,2.7,0.0,0.0,0.0,16.0,22.2,10.6,360,350,6.3,7.6,,,,,,,,,
2017-09-10,3.6,0.0,0.0,0.0,16.5,22.2,10.6,360,350,6.7,8.5,,,,,,,,,
2017-09-11,3.8,0.0,0.0,0.0,17.2,26.1,9.4,290,270,7.2,9.8,,,,,,,,,
2017-09-12,2.2,0.0,0.0,0.0,17.8,25.0,10.0,250,240,6.3,8.5,,,,,,,,,
2017-09-13,2.4,0.0,0.0,0.0,19.1,26.7,11.1,180,170,7.6,10.3,,,,,,,,,
2017-09-14,1.7,0.0,0.0,0.0,19.6,26.7,12.8,170,140,5.4,8.1,,,,,,,,,
2017-09-15,2.4,0.0,0.0,0.0,20.4,22.2,16.7,110,130,5.4,7.6,1,,,,,,,,
2017-09-16,1.1,0.0,0.0,0.0,19.4,26.7,16.1,150,180,5.4,7.6,1,,1,,1,,,,
2017-09-17,1.8,0.0,0.0,0.0,17.9,23.3,15.6,150,140,4.5,8.1,1,,1,,,,,,
2017-09-18,2.2,0.0,0.0,0.0,16.7,19.4,15.0,90,130,6.3,7.6,1,,1,,,,,,
2017-09-19,3.2,1.0,0.0,0.0,17.2,20.6,15.6,40,130,5.4,7.2,1,,,,,,,,
2017-09-20,4.5,0.0,0.0,0.0,20.2,23.9,18.3,30,60,7.2,9.8,1,,,,1,,,,
2017-09-21,5.5,0.0,0.0,0.0,20.8,23.9,16.1,30,60,9.4,13.0,,,,,,,,,
2017-09-22,4.3,0.0,0.0,0.0,17.2,21.1,13.3,30,30,7.2,10.3,,,,,,,,,
2017-09-23,1.9,0.0,0.0,0.0,19.9,27.8,13.3,200,160,4.0,7.2,,,,,,,,,
2017-09-24,1.6,0.0,0.0,0.0,21.8,30.0,16.1,180,180,6.3,9.8,,,,,,,,,
2017-09-25,1.6,0.0,0.0,0.0,22.1,28.3,16.7,90,90,5.8,8.5,1,,,,,,,,
2017-09-26,1.3,0.0,0.0,0.0,20.7,27.2,15.6,190,180,5.4,8.1,1,,,,,,,,
2017-09-27,2.7,0.0,0.0,0.0,21.1,28.9,15.0,180,160,7.6,13.4,1,,,,,,,,
2017-09-28,4.3,0.0,0.0,0.0,21.8,24.4,8.9,350,350,9.8,12.1,,,,,,,,,
2017-09-29,2.7,0.0,0.0,0.0,13.1,18.3,7.8,310,310,6.7,9.8,,,,,,,,,
2017-09-30,3.2,0.8,0.0,0.0,10.8,13.3,5.0,110,120,7.2,10.3,,,,,,,,,
2017-10-01,2.6,0.0,0.0,0.0,9.9,18.3,3.3,250,230,6.3,8.9,,,,,,,,,
2017-10-02,2.2,0.0,0.0,0.0,12.3,20.6,4.4,100,130,6.3,9.4,,,,,,,,,
2017-10-03,3.5,0.0,0.0,0.0,11.6,17.8,4.4,220,210,8.1,11.2,,,,,,,,,
2017-10-04,3.8,0.0,0.0,0.0,15.3,23.3,8.3,230,220,7.6,11.6,,,,,,,,,
2017-10-05,3.2,0.0,0.0,0.0,20.3,24.4,11.1,260,230,8.1,10.7,,,,,,,,,
2017-10-06,2.2,0.8,0.0,0.0,14.5,20.0,7.8,260,270,7.6,10.7,,,,,,,,,
2017-10-07,2.0,0.0,0.0,0.0,13.9,19.4,8.3,150,140,6.3,9.8,1,,1,,,,,,
2017-10-08,3.9,3.0,0.0,0.0,18.5,22.8,16.7,170,170,8.1,13.4,1,,1,,,,,,
2017-10-09,2.0,11.7,0.0,0.0,17.8,19.4,15.0,170,180,8.1,12.1,1,,1,,,,,,
2017-10-10,3.0,0.0,0.0,0.0,20.2,25.0,12.8,310,310,8.9,10.3,1,,,,,,,,
2017-10-11,2.2,0.3,0.0,0.0,15.4,21.1,10.6,20,20,6.7,8.9,,,,,,,,,
2017-10-12,2.5,0.0,0.0,0.0,10.6,14.4,2.2,130,130,5.8,8.5,,,,,,,,,
2017-10-13,2.6,0.0,0.0,0.0,7.9,15.6,0.6,170,140,6.3,9.8,,,,,,,,,
2017-10-14,2.3,0.0,0.0,0.0,15.4,21.1,11.1,160,220,6.3,8.9,1,,1,,,,,,
2017-10-15,4.0,0.0,0.0,0.0,16.0,21.1,12.8,210,210,8.9,12.1,1,,1,,,,,,
2017-10-16,5.2,0.0,0.0,0.0,15.6,20.0,6.7,340,250,8.9,13.4,,,,,,,,,
2017-10-17,3.2,0.0,0.0,0.0,7.4,13.3,0.6,220,220,7.6,9.8,,,,,,,,,
2017-10-18,2.6,0.0,0.0,0.0,11.8,21.7,4.4,220,230,7.6,9.4,,,,,,,,,
2017-10-19,3.1,0.0,0.0,0.0,11.8,19.4,3.9,180,180,8.1,11.6,,,,,,,,,
2017-10-20,2.9,0.0,0.0,0.0,15.8,21.1,7.2,270,270,8.1,12.5,,,,,,,,,
2017-10-21,1.4,0.0,0.0,0.0,13.2,21.1,5.6,150,150,5.8,8.9,,,,,,,,,
2017-10-22,3.5,0.0,0.0,0.0,11.8,16.7,7.2,90,120,7.6,10.3,1,,,,,,,,
2017-10-23,3.1,0.0,0.0,0.0,12.6,16.7,10.6,140,150,6.7,9.8,1,,1,,,,,,
2017-10-24,5.3,1.5,0.0,0.0,15.8,17.8,13.9,160,140,9.8,14.8,1,,,,,,,,
2017-10-25,5.4,35.1,0.0,0.0,17.2,18.3,14.4,180,140,12.5,16.5,1,,,,,,1,,
2017-10-26,3.4,44.7,0.0,0.0,14.9,15.6,8.3,280,290,9.8,14.3,1,,,,,,1,,
2017-10-27,3.4,0.0,0.0,0.0,10.9,15.6,4.4,260,260,7.2,9.8,,,,,,,,,
2017-10-28,2.8,0.0,0.0,0.0,8.6,15.6,1.7,170,160,7.2,9.8,,,,,,,,,
2017-10-29,5.8,14.2,0.0,0.0,13.9,16.7,13.3,130,140,13.9,19.2,1,,,,,,,,
2017-10-30,8.6,19.3,0.0,0.0,14.6,17.2,7.8,130,130,21.5,30.9,1,,,,,,,,
2017-10-31,5.5,0.0,0.0,0.0,9.6,13.9,5.6,260,250,9.8,14.8,,,,,,,,,
2017-11-01,1.9,0.0,0.0,0.0,6.6,11.7,-1.0,230,230,7.6,9.4,,,,,,,,,
2017-11-02,4.1,0.0,0.0,0.0,12.3,15.0,11.1,190,210,7.6,10.7,1,,,,,,,,
2017-11-03,4.0,0.0,0.0,0.0,15.8,21.1,6.7,310,330,11.2,15.7,,,,,,,,,
2017-11-04,2.6,0.0,0.0,0.0,8.3,11.7,2.8,350,330,6.7,8.9,,,,,,,,,
2017-11-05,3.9,0.8,0.0,0.0,8.2,13.3,3.9,140,130,10.3,13.4,1,,,,,,,,
2017-11-06,3.3,8.1,0.0,0.0,14.1,16.7,6.7,330,350,8.9,14.3,1,,,,,,,,
2017-11-07,3.0,0.0,0.0,0.0,6.7,8.9,1.7,20,20,6.7,9.4,,,,,,,,,
2017-11-08,3.4,0.0,0.0,0.0,3.4,6.7,-3.8,20,10,6.7,9.4,,,,,,,,,
2017-11-09,2.9,0.0,0.0,0.0,0.5,8.9,-5.5,140,210,7.2,10.3,,,,,,,,,
2017-11-10,7.3,0.8,0.0,0.0,3.8,9.4,-6.0,270,280,13.9,19.2,1,,,,,,,,
2017-11-11,3.5,0.0,0.0,0.0,-3.5,2.2,-8.2,360,330,6.3,12.1,,,,,,,,,
2017-11-12,1.9,0.0,0.0,0.0,-0.4,5.6,-4.3,150,140,5.4,8.9,,,,,,,,,
2017-11-13,2.4,2.3,3.0,0.0,-1.4,1.7,-5.5,10,360,5.4,7.2,1,1,,,,,,,
2017-11-14,3.0,0.0,0.0,0.0,2.3,6.1,-0.5,20,20,6.3,7.6,,,,,,,,,
2017-11-15,2.2,0.0,0.0,0.0,2.0,5.0,-3.8,130,150,6.3,8.1,,,,,,,,,
2017-11-16,2.6,14.0,0.0,0.0,1.9,8.9,-3.2,150,140,7.6,10.7,1,,,,,,,,
2017-11-17,4.5,0.0,0.0,0.0,3.3,5.6,-4.9,290,270,9.4,13.9,1,,,,,,,,
2017-11-18,2.4,5.6,0.0,0.0,-0.9,10.0,-6.0,180,150,6.3,9.4,1,,,,,,,,
2017-11-19,6.3,10.9,0.0,0.0,8.7,13.3,0.0,270,270,13.0,17.0,1,,,,,,,,
2017-11-20,5.9,0.0,0.0,0.0,1.1,3.9,-3.2,280,280,13.0,16.5,,,,,,,,,
2017-11-21,3.2,0.0,0.0,0.0,2.3,11.1,-4.3,180,180,7.2,10.7,,,,,,,,,
2017-11-22,2.8,10.9,0.0,0.0,5.9,7.2,0.0,320,320,7.6,10.7,1,,,,,,,,
2017-11-23,2.4,0.0,0.0,0.0,1.1,5.0,-3.8,240,270,5.8,8.1,,,,,,,,,
2017-11-24,3.6,0.0,0.0,0.0,1.5,8.3,-2.7,220,230,7.2,9.8,,,,,,,,,
2017-11-25,3.6,0.0,0.0,0.0,6.5,11.1,2.2,180,180,8.1,11.2,,,,,,,,,
2017-11-26,3.7,0.0,0.0,0.0,6.3,8.9,-3.2,290,290,10.7,16.1,,,,,,,,,
2017-11-27,4.1,0.0,0.0,0.0,0.4,6.1,-6.6,280,290,9.4,13.9,,,,,,,,,
2017-11-28,3.4,0.0,0.0,0.0,-3.9,3.9,-8.2,210,220,8.1,11.2,,,,,,,,,
2017-11-29,4.1,0.0,0.0,0.0,5.9,15.0,-0.5,280,270,11.6,16.5,,,,,,,,,
2017-11-30,2.6,0.0,0.0,0.0,1.2,7.8,-5.5,190,210,7.2,9.8,,,,,,,,,
2017-12-01,3.1,2.0,0.0,0.0,6.7,8.3,-1.6,190,170,6.7,11.2,1,,,,,,,,
2017-12-02,1.3,0.0,0.0,0.0,1.3,4.4,-2.1,130,140,4.5,6.3,,,,,,,,,
2017-12-03,1.8,0.0,0.0,0.0,0.7,5.6,-3.8,130,60,4.0,6.3,,,,,,,,,
2017-12-04,2.2,0.0,0.0,0.0,-0.4,5.0,-5.5,140,140,6.3,7.6,,,,,,,,,
2017-12-05,3.8,8.4,0.0,0.0,2.2,11.1,-1.6,170,170,13.0,20.1,1,,,,,,,,
2017-12-06,5.5,7.9,0.0,0.0,8.6,12.2,-0.5,180,180,15.7,19.7,1,,,,,,,,
2017-12-07,4.6,0.0,0.0,0.0,1.6,6.1,-2.1,260,270,8.9,11.6,,,,,,,,,
2017-12-08,3.9,0.0,0.0,0.0,1.2,3.3,-1.6,220,220,8.1,10.3,,,,,,,,,
2017-12-09,2.6,12.4,157.0,0.0,-0.1,2.2,-1.6,350,350,6.7,10.3,1,,,,,,,,
2017-12-10,4.0,0.5,5.0,130.0,-0.4,2.8,-3.2,230,270,7.2,11.2,1,,,,,,,,
2017-12-11,4.2,0.0,0.0,80.0,0.1,3.3,-3.2,250,240,7.6,12.5,,,,,,,,,
2017-12-12,3.8,20.6,58.0,80.0,-4.3,0.6,-7.1,260,270,7.6,10.7,1,1,,1,1,,,,
2017-12-13,5.5,0.0,0.0,80.0,-2.4,-0.5,-8.2,270,260,9.4,14.3,,,,,,,,,
2017-12-14,5.9,0.0,0.0,80.0,-6.9,-3.2,-9.9,270,250,8.1,12.5,,,,,,,,,
2017-12-15,1.4,0.3,3.0,80.0,-8.9,-4.9,-14.3,260,230,5.8,7.6,1,,,,,,,,
2017-12-16,3.4,0.0,0.0,80.0,-6.0,-0.5,-11.6,340,340,8.9,13.9,1,,,,1,,,,1818
2017-12-17,2.0,0.0,0.0,80.0,-8.2,-3.2,-14.9,360,270,5.8,8.5,,,,,1,,,,1219
2017-12-18,1.9,6.4,89.0,80.0,-8.8,-3.2,-13.2,230,220,4.5,7.6,1,,,,1,,,,1412
2017-12-19,2.4,0.8,0.0,150.0,-1.6,6.1,-5.5,200,210,7.2,10.7,1,,,,,,,,1917
2017-12-20,4.5,0.0,0.0,100.0,2.7,4.4,-4.9,280,300,9.4,13.4,,,,,,,,,1141
2017-12-21,2.7,0.0,0.0,100.0,-4.9,-3.8,-8.8,320,310,7.2,8.9,,,,,,,,,1109
2017-12-22,3.1,5.3,89.0,100.0,-8.1,-6.6,-9.3,60,50,6.3,7.2,1,,,,,,,,1524
2017-12-23,3.2,14.2,5.0,180.0,-5.7,1.1,-8.2,340,20,6.3,8.5,1,,,,,,,,1210
2017-12-24,3.3,0.0,0.0,150.0,-0.4,1.1,-4.9,40,50,7.2,10.7,,,,,,,,,2309
2017-12-25,5.4,8.6,127.0,150.0,-5.4,-1.6,-9.3,340,340,10.7,16.1,,,1,,,,,,933
2017-12-26,4.0,0.0,0.0,230.0,-6.2,-4.9,-13.2,280,250,9.4,13.4,,,,,,,,,1220
2017-12-27,3.8,0.0,0.0,230.0,-12.2,-9.3,-17.7,270,290,9.8,12.1,,,,,,,,,1435
2017-12-28,3.2,0.0,0.0,230.0,-16.9,-13.2,-21.0,310,310,7.6,9.8,,,,,,,,,1403
2017-12-29,1.7,0.5,10.0,230.0,-18.7,-14.3,-24.9,330,40,4.5,8.9,,,,,,,,,1341
2017-12-30,1.5,0.0,0.0,230.0,-18.3,-11.0,-24.9,100,70,3.6,8.5,,,,,,,,,1109
2017-12-31,3.4,0.0,0.0,230.0,-16.7,-11.6,-23.2,330,330,7.6,11.6,,,,,,,,,1315
2018-01-01,2.4,0.0,0.0,230.0,-19.3,-12.1,-27.1,330,330,8.1,11.6,1,,,,1,,,,
2018-01-02,2.7,0.0,0.0,230.0,-18.2,-11.0,-26.6,290,290,5.8,7.2,,,,,,,,,
2018-01-03,1.8,0.0,0.0,200.0,-10.3,-3.2,-13.8,180,170,5.8,9.8,,,,,,,,,
2018-01-04,7.5,15.7,302.0,200.0,-7.9,-1.0,-15.5,300,310,16.5,23.3,1,,1,,,1,,,
2018-01-05,7.0,0.3,3.0,410.0,-8.8,-4.3,-17.7,290,300,12.5,18.8,,,,,1,1,,,
2018-01-06,6.1,0.0,0.0,410.0,-17.3,-15.5,-20.5,300,290,10.7,13.9,,,,,1,1,,,
2018-01-07,2.5,0.0,0.0,380.0,-17.6,-9.9,-24.3,210,220,5.8,7.6,,,,,,,,,
2018-01-08,3.2,0.5,3.0,380.0,-7.9,-1.0,-11.6,200,200,6.7,9.4,1,,,,,,,,
2018-01-09,4.6,0.0,0.0,360.0,-0.1,3.9,-6.6,280,300,12.5,16.1,,,,,,,,,
2018-01-10,2.8,0.0,0.0,360.0,-3.9,1.1,-12.1,190,190,7.6,9.8,,,,,,,,,
2018-01-11,3.5,0.0,0.0,360.0,3.1,8.3,0.0,190,190,6.7,8.9,1,,,,,,,,
2018-01-12,6.3,15.0,0.0,280.0,6.9,9.4,3.9,180,180,11.2,15.7,1,,1,,,,,,
2018-01-13,6.9,18.5,0.0,50.0,6.0,10.0,-8.8,180,190,12.5,17.9,1,,1,,,,,,
2018-01-14,3.9,0.0,0.0,30.0,-8.4,-6.6,-12.7,320,340,7.2,10.3,,,,,,,,,
2018-01-15,4.6,0.3,8.0,30.0,-12.1,-8.2,-16.0,340,60,7.6,11.2,1,,,,,,,,
2018-01-16,1.6,0.8,13.0,50.0,-7.1,-2.7,-9.9,50,100,6.3,8.5,1,,,,1,,,,
2018-01-17,2.2,10.4,140.0,130.0,-2.9,-1.6,-3.8,60,140,5.4,7.6,1,,,,,,,,
2018-01-18,2.2,0.0,0.0,150.0,-4.3,-1.0,-10.5,320,,3.6,,1,,,,,,,,
2018-01-19,1.8,0.0,0.0,130.0,-5.6,0.0,-11.6,190,190,5.4,6.3,1,,,,,,,,
2018-01-20,4.1,0.0,0.0,130.0,1.7,8.3,-1.6,270,280,7.6,11.6,,,,,,,,,
2018-01-21,1.6,0.0,0.0,100.0,3.1,6.1,-2.1,240,240,5.4,6.7,,,,,,,,,
2018-01-22,5.2,2.8,10.0,80.0,-1.1,1.7,-6.0,60,60,7.6,11.6,1,,,1,1,,,,
2018-01-23,3.1,19.3,0.0,80.0,-3.7,2.8,-5.5,310,310,6.7,8.5,1,,,1,,,,,
2018-01-24,4.2,0.0,0.0,80.0,0.8,3.3,-7.7,280,280,9.8,12.5,,,,,,,,,
2018-01-25,3.1,0.0,0.0,80.0,-7.4,-4.3,-11.0,320,340,7.2,9.8,,,,,,,,,
2018-01-26,1.7,0.0,0.0,80.0,-7.9,-0.5,-13.2,290,140,6.3,7.6,,,,,,,,,
2018-01-27,3.9,0.0,0.0,80.0,-1.4,8.3,-10.5,190,180,8.1,11.6,,,,,,,,,
2018-01-28,3.0,0.0,0.0,80.0,7.7,8.9,-0.5,190,180,5.8,7.6,,,,,,,,,
2018-01-29,4.7,0.0,0.0,50.0,-0.4,1.7,-4.9,40,50,8.1,12.1,,,,,,,,,
2018-01-30,6.0,0.0,0.0,50.0,-5.8,-4.9,-7.7,10,360,10.7,15.2,,,,,,,,,531
2018-01-31,2.9,0.0,0.0,50.0,-6.4,-0.5,-12.1,200,170,7.6,10.7,,,,,,,,,2159
2018-02-01,2.9,3.3,33.0,50.0,-1.3,3.3,-3.2,200,210,8.1,12.5,1,,,,,,,,
2018-02-02,5.7,4.1,15.0,80.0,-1.9,3.3,-16.0,290,300,11.6,14.8,1,,,,,,,,
2018-02-03,3.3,0.0,0.0,80.0,-12.4,-4.9,-16.6,200,210,6.7,9.8,1,,,,,,,,
2018-02-04,5.1,16.0,0.0,50.0,-1.3,5.6,-6.0,210,210,11.6,15.7,1,,,,1,1,,,
2018-02-05,4.3,8.6,0.0,30.0,3.4,6.1,-7.1,290,300,13.4,17.9,1,,,,,,,,
2018-02-06,2.2,0.0,0.0,30.0,-5.0,-0.5,-8.2,210,120,6.3,10.3,,,,,,,,,
2018-02-07,3.7,24.4,168.0,30.0,-5.5,-3.2,-8.8,310,310,9.4,13.0,1,,1,1,1,,,,
2018-02-08,3.0,0.0,0.0,180.0,-5.4,-2.1,-10.5,290,330,7.2,11.6,,,,,,,,,
2018-02-09,3.0,0.0,3.0,150.0,-7.4,-2.1,-13.2,280,280,6.3,8.5,1,,,,,,,,
2018-02-10,1.5,6.1,8.0,150.0,-0.3,5.0,-4.3,180,180,5.8,7.6,1,,1,,,,,,
2018-02-11,3.8,13.2,0.0,100.0,1.9,3.3,0.6,60,60,6.7,8.1,1,,,,,,,,
2018-02-12,4.1,0.0,0.0,80.0,1.8,3.3,-4.3,320,290,9.4,13.9,1,,,,,,,,
2018-02-13,2.6,0.0,0.0,50.0,-4.5,-1.6,-8.2,160,160,6.7,8.9,,,,,,,,,
2018-02-14,3.9,0.0,0.0,50.0,-0.2,7.2,-2.7,190,200,7.6,10.7,,,,,,,,,
2018-02-15,1.4,0.0,0.0,50.0,2.3,6.7,-3.8,170,160,7.2,8.9,1,,,,,,,,
2018-02-16,2.6,2.5,0.0,30.0,4.7,7.8,-2.7,330,340,11.6,17.0,1,,1,,,,,,
2018-02-17,4.1,3.6,33.0,30.0,-2.2,1.7,-6.6,180,170,9.8,14.8,1,,,,,,,,
2018-02-18,3.1,9.9,152.0,200.0,1.3,4.4,-6.0,300,310,9.4,12.5,1,,,,,,,,
2018-02-19,3.2,0.3,0.0,100.0,-1.5,5.6,-8.8,170,170,11.2,14.3,,,,,,,,,
2018-02-20,1.6,0.3,0.0,100.0,4.9,6.7,2.8,60,60,5.8,6.7,1,,1,,,,,,
2018-02-21,3.5,0.0,0.0,0.0,7.5,20.0,1.7,310,330,9.4,13.4,,,,,,,,,1819
2018-02-22,2.6,0.0,0.0,0.0,4.9,7.2,-2.1,350,340,7.6,11.2,,,,,,,,,309
2018-02-23,3.9,5.8,3.0,0.0,-0.4,2.2,-4.3,180,190,7.6,10.3,1,1,,,,,,,1913
2018-02-24,3.2,0.0,0.0,0.0,4.3,11.1,-0.5,320,340,8.1,10.7,1,,,,,,,,1729
2018-02-25,4.7,12.2,41.0,0.0,1.1,3.3,-1.0,90,90,9.4,13.4,1,1,,,,,,,935
2018-02-26,3.3,0.0,0.0,0.0,3.3,10.0,-1.0,290,280,8.9,11.6,,,,,,,,,1555
2018-02-27,2.3,0.0,0.0,0.0,2.7,8.9,-3.8,150,160,6.3,9.4,,,,,,,,,1504
2018-02-28,2.9,0.0,0.0,0.0,6.0,14.4,1.1,170,170,7.2,10.7,,,,,,,,,1649
2018-03-01,3.8,0.0,0.0,0.0,5.7,11.1,1.1,50,60,10.3,13.4,,,,,,,,,
2018-03-02,8.5,2.5,0.0,0.0,2.5,4.4,0.0,40,30,13.9,17.9,1,1,,,,,,,
2018-03-03,8.1,0.0,0.0,0.0,4.1,6.7,1.7,20,360,13.9,20.6,,,,,,,,,
2018-03-04,5.7,0.3,8.0,0.0,3.8,5.6,0.0,50,50,11.2,13.4,1,,,,,,,,
2018-03-05,5.8,1.5,33.0,50.0,2.4,6.1,-0.5,40,20,11.6,16.5,1,,,,,,,,
2018-03-06,4.3,0.0,0.0,0.0,1.3,3.9,-0.5,30,50,8.9,12.1,,,,,,,,,
2018-03-07,6.9,9.9,130.0,0.0,0.6,0.6,-0.5,40,40,10.3,13.9,1,,,,,,,,
2018-03-08,5.6,25.1,269.0,250.0,-0.5,0.6,-1.6,30,360,11.2,16.1,1,,1,,,,,,
2018-03-09,2.6,0.0,0.0,300.0,-1.3,1.7,-6.6,180,180,5.4,6.3,1,,,,1,,,,
2018-03-10,4.5,0.0,0.0,200.0,-0.2,3.9,-5.5,290,280,11.2,13.9,1,,,,,,,,
2018-03-11,4.1,0.0,0.0,200.0,1.6,5.0,-1.6,300,290,7.2,9.4,,,,,,,,,
2018-03-12,5.0,0.0,0.0,180.0,0.2,2.8,-4.9,60,60,10.7,13.0,,,,,,,,,
2018-03-13,8.1,26.2,292.0,150.0,0.2,2.2,-2.1,350,340,13.0,19.7,1,,1,,,,,,
2018-03-14,4.1,6.4,71.0,410.0,0.7,3.3,0.0,220,250,6.7,9.8,1,,,,,,,,
2018-03-15,5.1,0.0,0.0,300.0,1.6,4.4,0.0,280,280,11.6,15.2,1,,,,,,,,
2018-03-16,6.0,0.0,0.0,250.0,0.1,2.2,-4.3,290,300,13.9,19.2,,,,,,,,,
2018-03-17,6.2,0.0,0.0,230.0,-4.4,-1.0,-9.9,320,320,16.1,22.4,,,,,,,,,
2018-03-18,4.0,0.0,0.0,230.0,-7.7,-2.1,-13.2,320,350,10.7,16.1,,,,,,,,,
2018-03-19,4.1,0.0,0.0,230.0,-5.8,0.6,-12.1,310,320,10.7,14.8,,,,,,,,,
2018-03-20,3.5,0.0,0.0,200.0,-2.2,3.9,-7.7,170,340,7.6,10.7,,,,,,,,,
2018-03-21,6.0,0.0,0.0,200.0,-0.3,3.9,-3.2,40,30,8.9,13.9,,,,,,,,,
2018-03-22,5.9,1.3,33.0,230.0,2.5,6.1,-1.0,350,30,9.8,17.0,1,,,,,,,,
2018-03-23,3.2,0.0,0.0,200.0,3.1,7.8,-2.7,170,50,7.6,10.7,,,,,,,,,
2018-03-24,3.8,1.3,3.0,180.0,3.9,7.2,0.6,20,340,8.1,11.2,1,,,,,,,,
2018-03-25,5.2,0.0,0.0,150.0,1.4,3.9,-2.7,60,70,12.5,15.2,1,,,,,,,,
2018-03-26,3.4,0.0,0.0,150.0,0.3,5.0,-4.3,80,90,7.6,9.4,,,,,,,,,
2018-03-27,2.2,0.0,0.0,150.0,0.9,8.3,-6.0,70,80,7.2,8.9,,,,,,,,,
2018-03-28,1.9,0.3,0.0,130.0,4.6,8.9,0.0,190,160,7.2,10.7,,,,,,,,,
2018-03-29,2.2,5.1,0.0,100.0,3.9,10.0,-1.6,170,90,6.3,7.6,1,,,,,,,,
2018-03-30,2.6,1.5,0.0,50.0,7.7,14.4,5.0,350,340,7.2,11.2,1,,1,,,,,,
2018-03-31,5.9,0.0,0.0,0.0,6.1,11.1,1.7,280,180,10.7,13.9,,,,,,,,,
2018-04-01,5.9,0.0,0.0,0.0,7.9,13.9,-0.5,290,300,13.9,16.5,,,,,,,,,
2018-04-02,1.9,2.3,3.0,0.0,1.1,3.3,-2.7,80,90,5.8,7.6,1,,,,,,,,
2018-04-03,3.6,4.3,0.0,0.0,1.7,7.2,-2.1,170,160,11.2,14.8,1,,,,,,,,
2018-04-04,3.2,16.8,0.0,0.0,3.4,6.7,2.8,270,240,9.8,15.7,1,,,,,,1,,
2018-04-05,7.2,0.0,0.0,0.0,1.7,4.4,-3.2,290,290,13.4,20.1,,,,,,,,,
2018-04-06,4.4,3.6,13.0,0.0,-0.3,4.4,-4.9,180,170,11.2,15.2,1,,,,1,,,,
2018-04-07,4.3,1.5,0.0,0.0,3.8,7.8,-1.0,290,290,10.7,13.4,1,,,,,,,,
2018-04-08,4.0,0.0,0.0,0.0,2.1,6.7,-3.2,330,330,8.9,13.0,,,,,,,,,
2018-04-09,4.2,0.0,0.0,0.0,0.9,6.1,-3.2,300,330,8.1,12.1,1,,,,,,,,
2018-04-10,4.3,0.0,0.0,0.0,1.6,4.4,-2.7,80,90,7.2,8.9,,,,,,,,,
2018-04-11,3.8,0.0,0.0,0.0,1.6,7.2,-3.8,180,170,9.4,12.1,1,,,,,,,,
2018-04-12,4.1,4.6,0.0,0.0,5.0,10.0,-2.1,160,160,10.3,13.4,1,,,,,,,,
2018-04-13,2.9,1.3,0.0,0.0,9.8,16.7,5.6,90,180,8.9,13.4,1,,,,,,,,
2018-04-14,4.5,0.0,0.0,0.0,7.5,8.9,0.0,350,330,9.4,12.5,,,,,,,,,
2018-04-15,4.8,2.5,3.0,0.0,-1.0,0.6,-2.7,30,30,8.1,13.9,1,1,,1,,,,,
2018-04-16,10.1,61.0,0.0,0.0,1.8,8.3,0.6,90,60,16.5,23.3,1,1,,1,1,,,,
2018-04-17,3.8,0.0,0.0,0.0,6.9,8.3,2.8,280,290,8.9,11.6,1,,1,,,,,,
2018-04-18,5.0,0.0,0.0,0.0,5.8,11.7,1.1,290,290,10.7,14.8,,,,,,,,,
2018-04-19,3.0,0.5,0.0,0.0,6.2,8.9,3.3,310,150,7.2,9.4,,,,,,,,,
2018-04-20,6.7,0.0,0.0,0.0,6.1,11.1,1.7,320,340,13.0,17.4,,,,,,,,,
2018-04-21,4.2,0.0,0.0,0.0,7.0,13.9,-0.5,340,320,9.4,13.9,,,,,,,,,
2018-04-22,4.2,0.0,0.0,0.0,8.3,15.6,0.0,340,330,9.4,12.5,,,,,,,,,
2018-04-23,3.8,0.0,0.0,0.0,8.7,16.7,0.0,180,170,9.4,13.0,,,,,,,,,
2018-04-24,5.5,0.0,0.0,0.0,9.6,17.8,2.2,180,190,13.0,17.4,,,,,,,,,
2018-04-25,3.5,33.3,0.0,0.0,9.8,12.2,8.3,140,150,9.4,14.3,1,,,,,,,,
2018-04-26,3.5,10.7,0.0,0.0,11.5,19.4,8.3,270,270,9.8,14.3,1,,1,,,,,,
2018-04-27,2.8,5.3,0.0,0.0,10.4,15.6,4.4,90,170,8.1,10.3,1,,,,,,,,
2018-04-28,2.8,0.0,0.0,0.0,10.2,15.6,7.2,160,160,8.9,10.7,1,,,,,,,,
2018-04-29,2.3,0.5,0.0,0.0,8.4,11.1,6.1,90,90,5.8,8.5,1,,,,,,,,
2018-04-30,1.8,0.0,0.0,0.0,6.5,8.9,2.8,90,90,5.8,8.5,,,,,,,,,
2018-05-01,2.7,0.0,0.0,0.0,7.8,15.6,0.6,170,340,8.1,10.3,,,,,,,,,
2018-05-02,3.7,0.0,0.0,0.0,19.3,32.2,9.4,270,280,9.8,15.7,,,,,,,,,
2018-05-03,2.5,7.6,0.0,0.0,22.5,26.7,10.0,80,90,7.6,9.4,1,,,,,,1,,
2018-05-04,2.5,0.3,0.0,0.0,12.9,18.9,10.0,90,90,7.6,9.4,1,,1,,,,,,
2018-05-05,4.7,0.0,0.0,0.0,16.7,22.8,10.6,270,290,14.8,21.5,,,,,,,,,
2018-05-06,1.7,1.3,0.0,0.0,14.9,19.4,9.4,190,200,8.1,13.0,,,,,,,,,
2018-05-07,3.1,0.0,0.0,0.0,13.0,17.8,6.1,180,170,7.6,10.3,1,,,,,,,,
2018-05-08,3.0,0.0,0.0,0.0,10.1,16.7,4.4,170,170,8.1,10.7,1,,1,,,,,,
2018-05-09,2.5,0.0,0.0,0.0,10.2,15.6,7.2,80,160,6.3,8.1,1,,1,,,,,,
2018-05-10,3.4,0.0,0.0,0.0,9.1,16.1,6.1,190,170,7.2,11.6,1,,1,,,,,,
2018-05-11,3.6,0.0,0.0,0.0,14.4,18.3,7.2,320,330,8.1,12.1,,,,,,,,,
2018-05-12,2.1,0.0,0.0,0.0,9.2,12.8,1.7,180,180,6.7,9.4,1,,,,,,,,
2018-05-13,3.2,0.0,0.0,0.0,8.8,13.9,2.8,180,180,7.6,9.8,1,,1,,,,,,
2018-05-14,4.1,0.0,0.0,0.0,11.5,16.1,9.4,170,170,9.8,13.0,,,,,,,,,
2018-05-15,3.3,2.3,0.0,0.0,15.7,24.4,10.0,50,350,9.8,13.4,1,,,,,,,,
2018-05-16,3.8,0.0,0.0,0.0,11.9,13.3,8.9,50,60,7.2,11.6,1,,,,,,,,
2018-05-17,2.5,0.0,0.0,0.0,13.6,21.7,8.3,20,50,7.6,10.7,,,,,,,,,
2018-05-18,3.8,0.0,0.0,0.0,13.5,16.1,6.1,30,50,8.1,12.1,,,,,,,,,
2018-05-19,2.7,6.9,0.0,0.0,9.1,13.9,2.8,90,130,6.3,9.4,1,,,,,,,,
2018-05-20,3.7,0.0,0.0,0.0,15.7,26.1,9.4,340,330,10.3,13.4,1,,,,,,,,
2018-05-21,2.8,0.0,0.0,0.0,17.4,25.6,6.7,290,170,9.8,12.5,,,,,,,,,
2018-05-22,2.3,0.8,0.0,0.0,14.6,16.7,10.0,80,90,7.2,8.9,,,,,,,,,
2018-05-23,3.8,0.0,0.0,0.0,16.8,25.6,11.1,360,340,12.5,17.4,,,,,,,,,
2018-05-24,4.1,0.0,0.0,0.0,12.4,15.0,9.4,180,180,10.3,13.0,,,,,,,,,
2018-05-25,3.8,0.0,0.0,0.0,19.7,31.1,10.0,280,290,9.4,13.9,,,,,,,,,
2018-05-26,1.9,1.0,0.0,0.0,21.9,23.9,13.9,80,80,9.4,13.4,1,,,,,,,,
2018-05-27,5.0,0.0,0.0,0.0,13.1,14.4,8.9,80,70,8.9,13.0,,,,,,,,,
2018-05-28,3.6,0.0,0.0,0.0,10.7,14.4,8.9,80,170,7.2,8.9,,,,,,,,,
2018-05-29,2.8,0.0,0.0,0.0,19.4,30.0,12.2,320,340,8.9,12.1,1,,,,,,,,
2018-05-30,3.2,0.0,0.0,0.0,17.2,20.6,11.7,180,170,7.6,11.2,,,,,,,,,
2018-05-31,4.4,0.0,0.0,0.0,17.0,25.0,11.1,180,190,10.7,13.9,,,,,,,,,
2018-06-01,3.6,0.0,0.0,0.0,20.6,26.7,16.7,170,160,7.2,9.8,,,,,,,,,
2018-06-02,4.6,0.0,0.0,0.0,22.6,28.3,12.8,340,50,9.8,13.0,,,,,,,,,
2018-06-03,3.8,0.0,0.0,0.0,14.5,15.6,8.9,50,170,6.7,9.4,,,,,,,,,
2018-06-04,4.6,10.2,0.0,0.0,9.9,10.6,7.8,100,110,9.4,13.0,1,,,,,,,,
2018-06-05,2.5,1.0,0.0,0.0,9.4,12.8,7.8,160,130,6.7,8.5,1,,,,,,,,
2018-06-06,2.0,0.3,0.0,0.0,11.9,16.7,10.0,150,170,6.3,8.9,1,,,,,,,,
2018-06-07,3.1,0.0,0.0,0.0,13.6,17.8,10.0,170,180,9.4,14.3,1,,,,,,,,
2018-06-08,2.6,0.0,0.0,0.0,17.9,25.6,11.1,170,170,8.1,11.6,,,,,,,,,
2018-06-09,3.2,0.0,0.0,0.0,17.7,25.6,7.8,320,320,8.1,11.2,,,,,,,,,
2018-06-10,3.0,0.0,0.0,0.0,16.4,22.8,8.3,190,330,7.2,9.4,,,,,,,,,
2018-06-11,3.9,0.0,0.0,0.0,15.2,19.4,10.6,200,170,7.6,11.6,,,,,,,,,
2018-06-12,4.2,0.0,0.0,0.0,18.3,28.9,8.3,280,270,9.8,14.3,,,,,,,,,
2018-06-13,5.0,0.0,0.0,0.0,21.8,27.8,16.7,190,150,9.8,13.0,,,,,,,,,
2018-06-14,4.3,1.8,0.0,0.0,19.9,23.9,12.2,300,270,9.4,13.0,1,,,,,,,,
2018-06-15,2.8,0.0,0.0,0.0,14.8,20.6,11.1,190,150,7.6,10.3,1,,,,,,,,
2018-06-16,3.5,0.0,0.0,0.0,20.4,29.4,10.6,330,330,8.9,12.1,,,,,,,,,
2018-06-17,3.6,0.0,0.0,0.0,17.9,20.6,12.2,90,130,6.3,9.8,1,,,,,,,,
2018-06-18,4.1,27.7,0.0,0.0,19.9,32.8,12.8,190,200,9.4,12.5,1,,,,,,1,,
2018-06-19,5.3,1.3,0.0,0.0,22.9,25.6,13.9,300,340,10.7,17.0,1,,,,,,,,
2018-06-20,3.8,0.0,0.0,0.0,19.3,25.6,10.6,160,170,9.8,12.5,,,,,,,,,
2018-06-21,2.6,0.0,0.0,0.0,19.7,23.3,13.3,160,170,7.6,9.4,,,,,,,,,
2018-06-22,3.3,0.0,0.0,0.0,16.6,21.1,10.6,180,180,7.6,9.8,,,,,,,,,
2018-06-23,1.9,4.6,0.0,0.0,15.2,18.9,11.7,120,350,5.4,7.6,1,,,,,,,,
2018-06-24,2.0,0.3,0.0,0.0,16.4,22.8,12.2,160,90,7.2,8.1,1,,,,,,,,
2018-06-25,3.8,0.8,0.0,0.0,18.2,21.7,11.7,360,350,13.0,16.5,1,,,,,,1,,
2018-06-26,3.4,0.0,0.0,0.0,17.0,24.4,10.0,180,180,9.4,11.6,,,,,,,,,
2018-06-27,3.8,1.0,0.0,0.0,19.6,27.8,12.2,170,190,8.1,13.9,,,,,,,,,
2018-06-28,3.9,35.1,0.0,0.0,18.1,19.4,16.1,170,170,8.9,13.0,1,,1,,,,1,,
2018-06-29,3.0,0.0,0.0,0.0,22.6,29.4,17.8,170,150,8.9,11.2,1,,1,,,,,,
2018-06-30,4.0,0.0,0.0,0.0,23.7,29.4,18.3,180,170,9.8,13.4,,,,,,,,,
2018-07-01,3.0,1.3,0.0,0.0,25.6,31.1,20.6,90,140,7.6,10.7,,,,,,,,,
2018-07-02,3.1,0.0,0.0,0.0,21.6,24.4,17.8,90,90,7.2,8.9,1,,,,,,,,
2018-07-03,2.0,0.0,0.0,0.0,23.6,31.1,17.8,160,180,7.2,12.1,1,,,,1,,1,,
2018-07-04,2.7,0.0,0.0,0.0,27.3,33.9,20.0,180,160,7.2,14.8,,,,,,,,,
2018-07-05,4.3,0.0,0.0,0.0,26.3,31.7,19.4,180,180,10.7,14.3,,,,,,,,,
2018-07-06,5.8,2.3,0.0,0.0,26.3,30.6,15.6,340,340,11.2,16.5,1,,,,,,,,
2018-07-07,2.9,0.0,0.0,0.0,18.9,25.6,10.6,180,180,7.6,10.7,,,,,,,,,
2018-07-08,3.2,0.0,0.0,0.0,19.7,26.7,11.1,170,170,8.1,12.1,,,,,,,,,
2018-07-09,2.9,0.0,0.0,0.0,21.9,28.9,14.4,180,160,8.9,12.1,,,,,,,,,
2018-07-10,2.8,0.0,0.0,0.0,23.3,31.7,15.0,350,350,10.7,17.0,,,,,,,1,,
2018-07-11,3.6,0.0,0.0,0.0,22.5,26.1,15.0,80,20,7.2,9.8,,,,,,,,,
2018-07-12,2.8,0.0,0.0,0.0,20.4,27.2,14.4,180,170,7.6,12.1,,,,,,,,,
2018-07-13,3.2,0.0,0.0,0.0,20.8,24.4,15.6,110,160,7.2,9.8,,,,,,,,,
2018-07-14,2.4,0.0,0.0,0.0,17.9,22.2,13.3,180,160,6.3,9.4,1,,,,,,,,
2018-07-15,2.0,0.0,0.0,0.0,19.9,23.9,17.2,160,170,7.2,9.4,,,,,,,,,
2018-07-16,2.2,0.0,0.0,0.0,20.2,25.6,16.7,80,160,8.1,9.8,1,,1,,,,,,
2018-07-17,2.2,29.7,0.0,0.0,20.6,26.7,17.8,360,320,6.3,9.4,1,,1,,1,,1,,
2018-07-18,3.9,0.0,0.0,0.0,22.2,26.7,17.2,340,310,9.8,13.9,,,,,,,,,
2018-07-19,3.0,0.0,0.0,0.0,20.1,25.6,11.7,160,170,6.7,10.3,,,,,,,,,
2018-07-20,2.2,0.0,0.0,0.0,20.2,27.2,12.2,180,170,6.7,11.2,1,,,,,,,,
2018-07-21,2.0,0.0,0.0,0.0,19.0,24.4,12.2,90,90,6.7,9.4,1,,1,,,,,,
2018-07-22,3.1,8.4,0.0,0.0,17.0,21.1,14.4,70,90,7.6,11.6,1,,1,,,,,,
2018-07-23,4.2,1.8,0.0,0.0,22.1,25.6,21.1,160,160,7.6,11.6,1,,,,,,,,
2018-07-24,3.9,0.0,0.0,0.0,21.7,23.9,20.0,170,180,7.2,11.6,1,,,,,,,,
2018-07-25,4.7,0.0,0.0,0.0,22.3,26.1,20.0,180,180,8.1,14.3,1,,1,,,,,,
2018-07-26,3.7,26.7,0.0,0.0,22.1,25.6,19.4,160,160,9.4,15.7,1,,,,,,1,,
2018-07-27,2.5,17.3,0.0,0.0,22.8,27.2,16.1,90,180,8.9,11.2,1,,1,,,,1,,
2018-07-28,3.0,3.8,0.0,0.0,22.9,27.2,19.4,180,180,8.9,12.5,1,,,,,,1,,
2018-07-29,1.9,0.0,0.0,0.0,22.7,27.8,17.2,70,70,5.8,8.1,1,,,,,,,,
2018-07-30,2.3,0.0,0.0,0.0,21.6,27.2,15.0,180,180,6.7,8.9,,,,,,,,,
2018-07-31,2.0,0.0,0.0,0.0,22.5,27.8,17.2,170,170,6.7,8.9,,,,,,,,,
2018-08-01,2.4,20.8,0.0,0.0,21.5,26.1,17.8,140,170,7.2,10.7,1,,1,,,,1,,
2018-08-02,3.5,0.0,0.0,0.0,25.7,32.2,21.7,290,250,8.1,12.1,1,,,,,,,,
2018-08-03,2.6,14.0,0.0,0.0,26.1,30.6,21.1,290,180,7.6,10.7,1,,,,,,1,,
2018-08-04,1.8,15.5,0.0,0.0,22.6,25.6,19.4,320,210,5.4,7.6,1,,1,,,,,,
2018-08-05,1.7,0.0,0.0,0.0,22.9,28.3,18.9,180,180,5.8,8.1,1,,1,,,,,,
2018-08-06,2.0,0.0,0.0,0.0,25.8,33.9,18.9,190,150,6.7,10.3,1,,,,,,,,
2018-08-07,2.7,0.0,0.0,0.0,27.5,33.9,21.7,170,170,7.2,11.6,,,,,,,1,,
2018-08-08,2.2,1.5,0.0,0.0,25.4,28.3,21.7,70,80,6.7,8.1,1,,1,,,,,,
2018-08-09,2.5,0.3,0.0,0.0,25.4,31.1,21.1,300,290,7.2,8.9,1,,1,,,,1,,
2018-08-10,2.2,0.0,0.0,0.0,24.2,28.3,16.7,360,350,6.3,8.9,,,,,,,,,
2018-08-11,1.7,0.0,0.0,0.0,19.4,23.9,14.4,150,150,4.5,4.9,,,,,,,,,
2018-08-12,3.1,7.6,0.0,0.0,19.3,21.1,17.8,80,80,6.3,8.5,1,,,,,,,,
2018-08-13,2.6,0.0,0.0,0.0,19.9,21.7,18.3,100,140,5.4,11.2,1,,1,,,,,,
2018-08-14,2.5,8.9,0.0,0.0,19.8,23.9,18.3,90,90,5.8,8.5,1,,1,,,,,,
2018-08-15,1.4,0.0,0.0,0.0,22.6,28.3,20.6,190,180,6.7,8.5,1,,,,,,,,
2018-08-16,2.0,0.0,0.0,0.0,24.5,29.4,17.2,320,360,6.7,8.9,,,,,,,,,
2018-08-17,1.7,6.9,0.0,0.0,20.0,25.0,14.4,130,130,5.8,6.7,1,,,,,,1,,
2018-08-18,3.6,2.5,0.0,0.0,23.1,27.8,17.8,30,70,9.4,13.9,1,,,,,,1,,
2018-08-19,3.3,0.0,0.0,0.0,19.9,23.9,14.4,50,90,6.7,8.9,,,,,,,,,
2018-08-20,2.4,0.0,0.0,0.0,19.2,22.8,14.4,100,90,6.3,8.9,,,,,,,,,
2018-08-21,1.6,0.0,0.0,0.0,17.7,22.2,13.3,140,90,5.8,8.5,1,,1,,,,,,
2018-08-22,2.5,19.3,0.0,0.0,19.8,26.1,17.8,120,140,5.4,8.1,1,,,,,,,,
2018-08-23,2.6,0.0,0.0,0.0,20.1,25.0,13.9,330,330,6.3,8.9,,,,,,,,,
2018-08-24,2.2,0.0,0.0,0.0,19.2,26.7,12.2,180,180,5.8,7.6,,,,,,,,,
2018-08-25,2.7,0.0,0.0,0.0,20.2,25.0,14.4,190,180,7.2,10.7,,,,,,,,,
2018-08-26,3.0,0.0,0.0,0.0,20.4,24.4,16.1,190,180,6.7,11.2,1,,,,,,,,
2018-08-27,2.2,0.0,0.0,0.0,23.6,30.0,18.3,170,350,6.3,8.9,,,,,,,,,
2018-08-28,2.7,0.0,0.0,0.0,26.4,33.9,21.1,210,200,6.7,10.3,,,,,,,,,
2018-08-29,3.0,0.0,0.0,0.0,27.5,31.7,21.7,170,180,10.7,13.4,,,,,,,,,
2018-08-30,3.9,0.0,0.0,0.0,25.0,28.3,15.0,360,360,7.6,10.3,,,,,,,,,
2018-08-31,2.0,0.0,0.0,0.0,17.8,21.7,11.7,150,70,5.4,7.2,,,,,,,,,
2018-09-01,1.9,0.0,0.0,0.0,16.4,21.7,10.6,150,150,5.4,7.2,,,,,,,,,
2018-09-02,2.6,0.0,0.0,0.0,19.4,25.6,14.4,180,180,7.2,10.7,,,,,,,,,
2018-09-03,2.4,0.0,0.0,0.0,24.7,32.2,18.9,160,150,8.9,10.3,,,,,,,,,
2018-09-04,2.4,0.0,0.0,0.0,25.3,30.6,20.0,90,90,6.7,8.9,,,,,,,,,
2018-09-05,3.0,0.0,0.0,0.0,22.8,27.2,18.3,180,170,7.6,10.3,,,,,,,,,
2018-09-06,3.0,9.4,0.0,0.0,24.9,33.3,18.9,350,350,11.2,17.0,1,,,,,,1,,
2018-09-07,2.2,0.0,0.0,0.0,18.9,21.1,13.9,160,350,4.5,6.7,,,,,,,,,
2018-09-08,3.2,0.0,0.0,0.0,16.4,19.4,11.1,360,360,6.7,8.5,,,,,,,,,
2018-09-09,2.4,0.0,0.0,0.0,13.0,17.2,7.8,350,140,5.4,6.7,,,,,,,,,
2018-09-10,4.3,16.0,0.0,0.0,12.5,17.2,7.8,100,110,9.8,13.0,1,,,,,,,,
2018-09-11,2.8,52.8,0.0,0.0,17.4,23.3,13.9,100,90,11.6,14.3,1,,,,,,,,
2018-09-12,1.7,0.0,0.0,0.0,19.7,21.1,18.3,50,30,5.4,6.7,,,,,,,,,
2018-09-13,1.3,1.0,0.0,0.0,20.1,23.9,15.0,190,160,4.0,6.3,1,,,,,,,,
2018-09-14,1.5,0.0,0.0,0.0,19.3,25.0,13.9,160,120,4.5,6.7,1,,1,,,,,,
2018-09-15,1.6,0.0,0.0,0.0,16.8,23.9,12.2,150,160,6.3,7.2,1,,1,,,,,,
2018-09-16,1.0,0.0,0.0,0.0,20.4,28.9,15.0,170,90,5.4,7.6,1,,1,,,,,,
2018-09-17,2.8,0.0,0.0,0.0,20.9,27.8,17.2,180,180,7.2,9.8,1,,1,,,,,,
2018-09-18,2.3,13.7,0.0,0.0,21.6,25.0,17.2,30,30,7.2,9.8,1,,,,,,,,
2018-09-19,3.8,0.0,0.0,0.0,16.8,18.3,13.9,10,20,6.7,8.5,,,,,,,,,
2018-09-20,2.3,1.8,0.0,0.0,14.7,16.7,11.1,130,140,6.7,9.4,1,,,,,,,,
2018-09-21,3.9,0.0,0.0,0.0,14.8,18.9,11.7,190,180,8.9,13.0,,,,,,,,,
2018-09-22,4.6,0.3,0.0,0.0,18.4,21.7,8.3,340,310,10.3,15.2,,,,,,,,,
2018-09-23,2.3,0.0,0.0,0.0,11.8,17.8,5.0,110,120,6.3,9.4,,,,,,,,,
2018-09-24,3.8,0.0,0.0,0.0,10.7,12.8,5.6,40,40,7.6,11.6,,,,,,,,,
2018-09-25,4.3,44.5,0.0,0.0,10.1,18.3,5.0,200,160,9.4,14.8,1,,,,,,,,
2018-09-26,4.4,6.1,0.0,0.0,19.7,23.9,17.2,190,190,8.1,13.4,1,,1,,,,1,,
2018-09-27,2.5,0.8,0.0,0.0,18.1,21.1,13.3,30,130,5.8,8.5,1,,,,,,,,
2018-09-28,2.2,0.5,0.0,0.0,14.3,18.3,10.0,360,350,5.8,7.2,,,,,,,,,
2018-09-29,1.7,0.0,0.0,0.0,13.4,20.6,7.2,310,330,6.3,8.5,,,,,,,,,
2018-09-30,1.9,0.0,0.0,0.0,13.0,18.9,7.8,240,230,6.3,8.5,,,,,,,,,
2018-10-01,2.3,4.3,0.0,0.0,11.2,12.2,10.0,10,10,4.0,6.3,1,,,,,,,,
2018-10-02,3.3,24.4,0.0,0.0,10.9,11.7,9.4,50,40,5.4,6.3,1,,,,,,,,
2018-10-03,2.1,8.6,0.0,0.0,12.4,20.0,10.0,360,360,5.8,6.7,1,,,,,,,,
2018-10-04,3.5,0.0,0.0,0.0,15.1,18.3,13.3,200,190,7.6,10.3,1,,,,,,,,
2018-10-05,3.4,0.0,0.0,0.0,13.4,17.2,6.7,350,340,8.1,11.2,,,,,,,,,
2018-10-06,2.6,0.0,0.0,0.0,10.3,15.0,5.6,210,220,5.8,9.4,,,,,,,,,
2018-10-07,3.4,0.0,0.0,0.0,15.2,17.8,11.7,220,220,7.2,10.3,,,,,,,,,
2018-10-08,2.8,0.0,0.0,0.0,10.9,11.7,8.3,50,70,5.8,8.5,1,,,,,,,,
2018-10-09,4.4,0.0,0.0,0.0,17.0,27.8,10.0,270,230,8.1,11.2,1,,,,,,,,
2018-10-10,4.0,0.0,0.0,0.0,23.3,28.9,12.8,90,100,9.8,13.4,1,,,,,,,,
2018-10-11,3.5,15.7,0.0,0.0,12.1,12.8,10.0,90,100,7.2,9.4,1,,,,,,,,
2018-10-12,2.8,0.0,0.0,0.0,11.6,15.6,5.0,290,310,6.3,8.9,,,,,,,,,
2018-10-13,2.6,2.8,0.0,0.0,7.1,10.0,2.8,240,230,6.3,8.5,1,,,,,,,,
2018-10-14,2.0,0.0,0.0,0.0,6.9,13.9,0.6,230,250,5.8,7.2,,,,,,,,,
2018-10-15,2.8,6.1,0.0,0.0,7.6,17.2,0.6,270,270,8.9,14.3,1,,,,,,,,
2018-10-16,5.6,0.3,0.0,0.0,11.9,13.9,3.9,290,290,16.1,21.0,,,,,,,,,
2018-10-17,4.5,0.3,0.0,0.0,7.8,14.4,3.9,260,250,12.5,16.5,,,,,,,,,
2018-10-18,5.2,0.0,0.0,0.0,4.3,7.8,-1.0,300,280,11.6,16.5,,,,,,,,,
2018-10-19,3.1,0.0,0.0,0.0,5.2,13.9,0.6,190,210,6.7,9.8,,,,,,,,,
2018-10-20,4.3,0.0,0.0,0.0,13.5,17.8,3.3,210,220,10.3,15.7,,,,,,,,,
2018-10-21,4.4,0.0,0.0,0.0,6.2,8.3,-0.5,350,340,10.7,15.2,,,,,,,,,
2018-10-22,2.6,0.0,0.0,0.0,3.3,9.4,-1.6,280,290,8.1,10.7,,,,,,,,,
2018-10-23,3.0,7.4,0.0,0.0,5.7,11.1,2.8,100,110,10.3,13.9,1,,,,,,,,
2018-10-24,4.8,2.5,0.0,0.0,5.9,8.3,2.8,320,320,9.8,13.0,1,,,,,,,,
2018-10-25,4.3,0.0,0.0,0.0,3.9,8.3,-2.1,310,310,10.3,13.4,,,,,,,,,
2018-10-26,3.0,0.0,0.0,0.0,1.6,7.8,-3.8,330,300,9.4,13.0,,,,,,,,,
2018-10-27,6.2,32.8,0.0,0.0,3.1,5.6,1.7,30,40,11.2,14.8,1,1,,,,,,,
2018-10-28,2.5,2.0,0.0,0.0,4.6,7.2,2.8,10,20,7.6,10.3,1,,,,,,,,
2018-10-29,1.8,18.0,0.0,0.0,7.2,10.6,3.3,360,280,8.1,10.3,1,,,,,,,,
2018-10-30,3.3,0.0,0.0,0.0,5.5,9.4,1.7,340,320,7.6,10.7,1,,,,,,,,
2018-10-31,2.0,0.3,0.0,0.0,4.1,8.3,-1.6,160,200,5.8,7.6,1,,,,1,,,,
2018-11-01,0.9,0.8,0.0,0.0,7.7,10.0,5.6,210,210,3.6,4.9,1,,,,,,,,
2018-11-02,2.7,19.3,0.0,0.0,9.3,10.0,8.9,330,60,5.4,7.2,1,,,,,,,,
2018-11-03,5.5,38.9,0.0,0.0,9.8,14.4,7.2,270,270,13.4,20.1,1,,1,,,,,,
2018-11-04,3.5,0.0,0.0,0.0,6.9,10.6,0.6,300,310,8.1,10.3,,,,,,,,,
2018-11-05,2.2,5.1,0.0,0.0,2.7,5.6,-0.5,60,80,5.4,7.2,1,,,,,,,,
2018-11-06,2.6,19.8,0.0,0.0,6.8,10.6,4.4,290,290,7.6,9.4,1,,,,,,,,
2018-11-07,3.8,0.0,0.0,0.0,11.7,16.1,6.1,260,240,8.9,13.0,1,,,,,,,,
2018-11-08,3.8,0.0,0.0,0.0,9.2,12.8,1.1,280,280,7.2,9.8,,,,,,,,,
2018-11-09,3.4,16.3,0.0,0.0,3.9,8.3,-2.7,90,90,11.6,15.2,1,,,,,,,,
2018-11-10,7.2,14.0,0.0,0.0,5.9,7.8,2.2,280,280,13.9,18.3,1,,,,,,,,
2018-11-11,4.3,0.0,0.0,0.0,2.1,5.0,-3.2,280,270,9.4,13.4,,,,,,,,,
2018-11-12,1.3,0.0,0.0,0.0,0.6,8.3,-6.0,270,280,5.8,7.2,,,,,,,,,
2018-11-13,3.4,38.1,0.0,0.0,4.3,10.6,1.7,310,300,9.8,14.3,1,,,,,,,,
2018-11-14,6.9,0.0,0.0,0.0,-1.2,2.2,-7.7,310,320,13.4,19.7,,,,,,,,,
2018-11-15,1.7,0.0,0.0,0.0,-5.3,-0.5,-9.3,50,70,5.8,6.7,1,,,,,,,,
2018-11-16,5.8,29.7,155.0,130.0,-1.1,1.7,-2.7,350,330,12.5,17.0,1,,1,,1,1,,,
2018-11-17,3.1,0.0,0.0,130.0,2.4,7.8,-1.0,310,240,6.7,8.1,,,,,,,,,
2018-11-18,2.1,0.0,0.0,100.0,1.5,3.3,-1.6,310,300,5.8,6.7,1,,,,,,,,
2018-11-19,0.9,3.3,30.0,100.0,0.3,1.7,-0.5,260,260,3.1,3.6,1,,,,1,,,,
2018-11-20,3.6,12.7,180.0,150.0,0.7,1.1,-3.8,50,350,6.3,7.6,1,,,,,,,,
2018-11-21,4.7,0.0,0.0,200.0,-1.6,2.2,-8.8,300,310,11.2,15.2,1,,,,,,,,
2018-11-22,6.4,0.0,0.0,180.0,-10.0,-8.2,-14.3,320,330,13.4,17.4,,,,,1,1,,,
2018-11-23,2.9,0.0,0.0,150.0,-9.0,-2.1,-15.5,290,180,6.3,7.6,,,,,,,,,
2018-11-24,1.7,0.0,0.0,150.0,-3.0,3.9,-9.3,180,170,5.8,6.7,,,,,,,,,
2018-11-25,2.6,6.6,0.0,130.0,1.7,2.8,1.1,70,80,5.8,7.2,1,,,,,,,,
2018-11-26,5.5,10.4,15.0,100.0,1.8,2.8,1.1,50,70,9.8,13.0,1,,,,,,,,
2018-11-27,5.4,45.2,23.0,100.0,2.5,8.3,0.6,70,60,14.3,19.2,1,,,,,,,,
2018-11-28,3.0,0.5,0.0,80.0,2.1,5.0,-0.5,320,320,5.8,7.2,1,,,,,,,,
2018-11-29,4.7,0.0,0.0,50.0,3.6,6.1,-1.6,320,310,10.7,14.3,,,,,,,,,
2018-11-30,1.5,0.0,0.0,50.0,0.7,5.6,-4.3,90,90,6.3,8.1,,,,,,,,,
2018-12-01,2.3,0.0,0.0,50.0,2.4,6.1,-1.0,70,40,5.4,6.3,,,,,,,,,
2018-12-02,3.6,19.8,0.0,50.0,3.7,7.8,1.1,80,80,8.1,9.8,1,,,,,,,,
2018-12-03,2.7,0.0,0.0,0.0,4.9,11.7,0.6,270,260,7.2,13.9,1,,1,,,,,,
2018-12-04,5.1,0.0,0.0,0.0,0.9,1.7,-7.1,340,350,9.8,13.9,,,,,,,,,
2018-12-05,0.9,0.0,0.0,0.0,-4.7,0.0,-9.3,80,70,3.6,5.4,,,,,,,,,
2018-12-06,2.3,0.0,0.0,0.0,-2.9,3.3,-8.2,260,270,5.8,9.4,,,,,1,,,,
2018-12-07,4.3,0.0,0.0,0.0,-0.1,3.3,-7.7,330,330,9.4,12.1,,,,,,,,,
2018-12-08,2.6,0.0,0.0,0.0,-6.9,-3.2,-11.6,340,350,5.4,7.2,,,,,,,,,
2018-12-09,2.7,0.0,0.0,0.0,-6.2,1.1,-11.0,190,190,6.3,9.4,,,,,,,,,
2018-12-10,2.9,0.0,0.0,0.0,-3.6,0.6,-8.8,350,340,6.7,10.7,,,,,,,,,
2018-12-11,2.3,0.0,0.0,0.0,-6.6,0.0,-12.1,70,60,4.0,6.3,,,,,,,,,
2018-12-12,3.4,0.0,0.0,0.0,-5.3,-0.5,-9.9,340,330,8.1,11.6,,,,,,,,,
2018-12-13,1.8,0.0,0.0,0.0,-8.1,-1.6,-13.8,200,190,3.6,5.4,,,,,,,,,
2018-12-14,2.6,0.0,0.0,0.0,-0.6,6.1,-4.9,180,180,7.2,9.8,,,,,,,,,
2018-12-15,2.6,0.0,0.0,0.0,5.7,10.0,-3.8,50,330,6.3,8.5,,,,,,,,,
2018-12-16,3.7,1.3,5.0,0.0,0.6,4.4,-3.8,40,40,7.6,10.3,1,,,,,,,,
2018-12-17,3.8,13.5,104.0,100.0,1.1,2.2,0.0,290,290,8.1,10.3,1,,,,,,,,
2018-12-18,6.8,0.0,0.0,80.0,-1.8,1.7,-7.1,320,330,16.1,20.6,,,,,,,,,
2018-12-19,1.1,0.0,0.0,80.0,-3.9,2.8,-8.2,290,290,5.8,6.3,,,,,,,,,
2018-12-20,1.0,0.0,0.0,80.0,-2.5,5.0,-8.2,160,90,5.4,6.7,,,,,,,,,
2018-12-21,6.7,32.8,0.0,80.0,4.9,12.2,-0.5,170,170,13.4,19.2,1,,,,,,,,
2018-12-22,5.6,0.5,0.0,0.0,9.8,12.8,-1.0,300,310,10.3,15.7,1,,1,,,,,,
2018-12-23,3.2,0.0,0.0,0.0,-0.4,2.2,-6.0,300,290,7.6,10.7,,,,,,,,,
2018-12-24,2.0,0.0,0.0,0.0,-3.2,2.2,-6.6,160,160,5.4,6.3,,,,,,,,,
2018-12-25,3.0,0.0,0.0,0.0,-1.8,1.7,-7.7,320,320,6.3,8.1,,,,,,,,,
2018-12-26,2.6,0.0,0.0,0.0,-4.7,2.2,-9.9,330,340,5.8,7.6,,,,,,,,,
2018-12-27,2.3,0.0,0.0,0.0,-2.8,0.0,-6.6,60,80,5.4,6.3,,,,,,,,,
2018-12-28,2.8,19.8,28.0,0.0,0.3,6.1,-3.2,180,180,8.1,11.6,1,,,,,,,,
2018-12-29,4.7,0.0,0.0,0.0,3.8,10.0,-4.3,280,300,10.7,13.4,1,,1,,,,,,
2018-12-30,2.2,0.0,0.0,0.0,-4.1,-2.7,-6.6,80,90,6.7,7.6,,,,,,,,,
2018-12-31,2.7,5.1,3.0,0.0,-0.7,5.0,-2.7,180,180,10.3,13.0,1,,,,,,,,
